,flight_id,date,origin,destination,airline_code,GCD,actual_distance,mean_latitude,actual_latitude,geta,zeta_1,zeta_2,rolling_geta,rolling_zeta_1,rolling_zeta_2,pre_footprint_first,pre_footprint_business,pre_footprint_premium_economy,pre_footprint_economy,post_footprint_first,post_footprint_business,post_footprint_premium_economy,post_footprint_economy,actual_footprint_first,actual_footprint_business,actual_footprint_premium_economy,actual_footprint_economy
63,784392722,2023-01-05,HEL,NRT,AY73,7831.487310198503,12102.74998669949,48.0415325,43.00943866699702,1.5453961051483494,1.5453961051483494,0.8952553432178089,,,,6795.4124237874485,5561.152847838074,2723.4081369796704,2103.854505917562,,,,,9987.544906483692,8172.897606407727,3998.4474184202713,3087.793069475921
69,784762565,2023-01-07,HEL,NRT,AY73,7831.487310198503,2723.5327389891067,48.0415325,72.0092957295313,0.3477669861563083,0.3477669861563083,1.4988967250270648,1.5453961051483494,1.5453961051483494,0.8952553432178089,6795.4124237874485,5561.152847838074,2723.4081369796704,2103.854505917562,9987.544906483692,8172.897606407727,3998.4474184202713,3087.793069475921,5356.32248423061,4383.715624564296,2148.5898258953193,1660.271385343934
0,785673950,2023-01-12,HEL,NRT,AY73,7831.487310198503,12662.985382172055,48.0415325,62.79499370562695,1.6169323757547007,1.6169323757547007,1.3070980553259193,,,,6795.4124237874485,5561.152847838074,2723.4081369796704,2103.854505917562,,,,,16614.750880771022,13595.157039915544,6645.564350195269,5130.5540018911925
4,786034319,2023-01-14,HEL,NRT,AY73,7831.487310198503,12659.166606248027,48.0415325,62.40044504322279,1.6164447575319072,1.6164447575319072,1.2988853976134669,1.6169323757547007,1.6169323757547007,1.3070980553259193,6795.4124237874485,5561.152847838074,2723.4081369796704,2103.854505917562,16614.750880771022,13595.157039915544,6645.564350195269,5130.5540018911925,16353.428038671154,13381.347441833834,6541.183692242877,5050.0042053916595
15,786923790,2023-01-19,HEL,NRT,AY73,7831.487310198503,12065.405892021472,48.0415325,43.1824417523868,1.5406276501667029,1.5406276501667029,0.8988564582611263,1.616688566643304,1.616688566643304,1.302991726469693,6795.4124237874485,5561.152847838074,2723.4081369796704,2103.854505917562,16483.199897127284,13487.5244169343,6593.018701614843,5090.004906080551,9966.09279560828,8155.345879327846,3989.8787627694683,3081.180700072563
20,787311075,2023-01-21,HEL,NRT,AY73,7831.487310198503,12691.884993474976,48.0415325,62.97469675585905,1.6206225574734765,1.6206225574734765,1.3108386322992307,1.5913349278177702,1.5913349278177702,1.1682799704001707,6795.4124237874485,5561.152847838074,2723.4081369796704,2103.854505917562,12937.101424266717,10586.171120957475,5176.594141148377,3996.9603483948363,16771.985688890025,13723.803701103818,6708.368935483711,5179.019844734692
28,788167719,2023-01-26,HEL,NRT,AY73,7831.487310198503,12061.762509997585,48.0415325,43.01518803963192,1.5401624279324608,1.5401624279324608,0.8953750182642886,1.5925649883906956,1.5925649883906956,1.1695268293912746,6795.4124237874485,5561.152847838074,2723.4081369796704,2103.854505917562,12970.35649481849,10613.37981504529,5189.877274442637,4007.210845993892,9954.100976116679,8145.534390652898,3985.08884850663,3077.484357984953
33,788564282,2023-01-28,HEL,NRT,AY73,7831.487310198503,11962.217125767578,48.0415325,42.99864359821288,1.5274515110545936,1.5274515110545936,0.8950306403779454,1.56713754519088,1.56713754519088,1.0350233696082152,6795.4124237874485,5561.152847838074,2723.4081369796704,2103.854505917562,10928.18046488232,8942.508517824783,4374.167189757904,3377.733291311861,9871.287486984325,8077.77789954461,3952.010505972514,3051.958041022281
42,789446897,2023-02-02,HEL,NRT,AY73,7831.487310198503,12650.61061638056,48.0415325,62.41929666386011,1.6153522460422536,1.6153522460422536,1.2992778001796697,1.562745498820177,1.562745498820177,1.0337480969804882,6795.4124237874485,5561.152847838074,2723.4081369796704,2103.854505917562,10885.80702442734,8907.839339270713,4357.241889394354,3364.6721598079835,16354.471891438694,13382.201503189091,6541.6006402517305,5050.3259611452895
46,789837610,2023-02-04,HEL,NRT,AY73,7831.487310198503,12032.019367694613,48.0415325,42.92647361663168,1.5363645360219116,1.5363645360219116,0.8935283989250693,1.5609887283431025,1.5609887283431025,1.0298944862739678,6795.4124237874485,5561.152847838074,2723.4081369796704,2103.854505917562,10838.508521036187,8869.14056376886,4338.349362187547,3350.0929336206536,9925.047772754802,8121.763587902273,3973.484074663789,3068.5290381986924
56,790842426,2023-02-09,HEL,NRT,AY73,7831.487310198503,2918.981193013756,48.0415325,73.26623236352881,0.3727237339978234,0.3727237339978234,1.5250602666251083,1.5597227643729195,1.5597227643729195,1.029278946494228,6795.4124237874485,5561.152847838074,2723.4081369796704,2103.854505917562,10824.215837251484,8857.446549763194,4332.640409516725,3345.6873762608802,6082.606844332626,4977.948282829582,2438.6909083678856,1884.140286114016
59,791254922,2023-02-11,HEL,NRT,AY73,7831.487310198503,12074.888664562726,48.0415325,42.89922630451085,1.5418385022265542,1.5418385022265542,0.8929612373316953,1.1748135053539963,1.1748135053539963,1.2392888219099492,6795.4124237874485,5561.152847838074,2723.4081369796704,2103.854505917562,10686.029629436782,8744.385107005708,4277.444441281648,3303.093047999814,9958.945777129502,8149.4983187543,3987.024016183912,3078.9777128425994
72,792222291,2023-02-16,HEL,NRT,AY73,7831.487310198503,2737.8939947672807,48.0415325,72.17243111417102,0.3496007701119398,0.3496007701119398,1.5022924406953715,1.1503089240820963,1.1503089240820963,1.1038499676272908,6795.4124237874485,5561.152847838074,2723.4081369796704,2103.854505917562,8604.974120783749,7041.703327198684,3446.2046557230788,2661.6313358155694,5425.070285032269,4439.963825220199,2176.049884965527,1681.4621137160366
1,792629138,2023-02-18,HEL,NRT,AY73,7831.487310198503,12111.44043518612,48.0415325,42.88639857093146,1.546505785614193,1.546505785614193,0.8926942239182619,1.6169323757547007,1.6169323757547007,1.3070980553259193,6795.4124237874485,5561.152847838074,2723.4081369796704,2103.854505917562,16614.750880771022,13595.157039915544,6645.564350195269,5130.5540018911925,9988.373680037577,8173.5756938609065,3998.7784569477617,3088.0485295060257
11,793583249,2023-02-23,HEL,NRT,AY73,7831.487310198503,12772.049384289645,48.0415325,62.36499465625258,1.6308587217727246,1.6308587217727246,1.2981474863703106,1.546505785614193,1.546505785614193,0.8926942239182619,6795.4124237874485,5561.152847838074,2723.4081369796704,2103.854505917562,9988.373680037577,8173.5756938609065,3998.7784569477617,3088.0485295060257,16476.150511011252,13481.756737384821,6590.20295250145,5087.832012916945
17,793969008,2023-02-25,HEL,NRT,AY73,7831.487310198503,12083.20054322629,48.0415325,42.93916054809915,1.542899843238081,1.542899843238081,0.8937924814971119,1.5886822536934588,1.5886822536934588,1.0954208551442863,6795.4124237874485,5561.152847838074,2723.4081369796704,2103.854505917562,11761.175355650186,9624.049792089405,4706.89185351348,3634.494500540026,9967.814061602656,8156.754187868698,3990.566291175177,3081.711260755488
23,794924967,2023-03-02,HEL,NRT,AY73,7831.487310198503,2946.4233071243025,48.0415325,72.84896945103857,0.3762278083867086,0.3762278083867086,1.5163748044681664,1.5734214502083328,1.5734214502083328,1.028211397261895,6795.4124237874485,5561.152847838074,2723.4081369796704,2103.854505917562,10909.467016166305,8927.197514329864,4366.692442912816,3371.9650833979767,6021.887522737053,4928.26883788775,2414.4376793441998,1865.4242452244714
30,795323330,2023-03-04,HEL,NRT,AY73,7831.487310198503,12069.454978432665,48.0415325,42.77457796023676,1.5411446766587102,1.5411446766587102,0.8903666418267727,1.1833287911325048,1.1833287911325048,1.236104924111863,6795.4124237874485,5561.152847838074,2723.4081369796704,2103.854505917562,10705.39092173233,8760.22616433843,4285.177957465608,3309.0609463352316,9948.319867913135,8140.804393031816,3982.7796899457817,3075.7023970756213
37,796301508,2023-03-09,HEL,NRT,AY73,7831.487310198503,12101.516631172784,48.0415325,42.91257837274351,1.5452386183929154,1.5452386183929154,0.8932391649401173,1.1534241094278332,1.1534241094278332,1.1001779759306836,6795.4124237874485,5561.152847838074,2723.4081369796704,2103.854505917562,8591.684049667581,7030.829632649091,3440.896178453382,2657.5348224175464,9981.532283838551,8167.978187879886,3996.0457856250823,3085.9397468708144
43,796699923,2023-03-11,HEL,NRT,AY73,7831.487310198503,2973.8155671096138,48.0415325,73.48868302404362,0.379725516918987,0.379725516918987,1.5296906488993376,1.1542037011461115,1.1542037011461115,1.099993537078352,6795.4124237874485,5561.152847838074,2723.4081369796704,2103.854505917562,8595.65679685167,7034.080062163344,3442.483020084299,2658.7593765921865,6260.813838340817,5123.75400519992,2509.872451997294,1939.0705669375636
50,797663820,2023-03-16,HEL,NRT,AY73,7831.487310198503,2931.569167818728,48.0415325,73.0797374470103,0.3743310882980185,0.3743310882980185,1.521178314763591,1.1553696039902042,1.1553696039902042,1.1044321518887426,6795.4124237874485,5561.152847838074,2723.4081369796704,2103.854505917562,8648.590770719336,7077.389677145982,3463.62653350985,2675.075672514465,6056.088437714581,4956.251404687547,2428.098612997156,1875.9662886195338
54,798078578,2023-03-18,HEL,NRT,AY73,7831.487310198503,11959.098370584854,48.0415325,42.98333357580808,1.527053278246547,1.527053278246547,0.8947119573216794,0.7664317412033069,0.7664317412033069,1.3147027095343484,6795.4124237874485,5561.152847838074,2723.4081369796704,2103.854505917562,8003.303144834181,6549.427074149035,3205.878123852314,2476.173094649296,9867.931774707487,8075.03231677265,3950.6701277164807,3050.92368084604
64,799068327,2023-03-23,HEL,NRT,AY73,7831.487310198503,12005.652754348595,48.0415325,43.003882460901565,1.5329977919665805,1.5329977919665805,0.8951396889951744,0.7603699611545175,0.7603699611545175,1.3151936403282025,6795.4124237874485,5561.152847838074,2723.4081369796704,2103.854505917562,7947.685315828992,6503.9215776902465,3183.662593289446,2459.0295308792315,9907.317201402562,8107.256756795892,3966.401920311161,3063.06379106313
68,799463423,2023-03-25,HEL,NRT,AY73,7831.487310198503,11974.064650574308,48.0415325,42.93754143652796,1.5289643175417218,1.5289643175417218,0.8937587791673373,1.1447940528370486,1.1447940528370486,1.1036766536934817,6795.4124237874485,5561.152847838074,2723.4081369796704,2103.854505917562,8562.106070981488,7006.629468269562,3429.081792648653,2648.4177466009523,9877.91448757854,8083.199990939875,3954.6575408689523,3054.000738648623
73,799834670,2023-03-27,HEL,NRT,AY73,7831.487310198503,12727.379440163826,48.0415325,62.58894023446766,1.6251548315209143,1.6251548315209143,1.3028089858388188,1.529671795918283,1.529671795918283,0.8945368084947303,6795.4124237874485,5561.152847838074,2723.4081369796704,2103.854505917562,9884.380276407943,8088.4901818002945,3957.24018265706,3055.993744580413,16563.663739401753,13553.358469704322,6625.158520432429,5114.806971099812
2,800039987,2023-03-28,HEL,NRT,AY73,7831.487310198503,12739.06599090778,48.0415325,62.69164191035016,1.6266470832837094,1.6266470832837094,1.3049467543598898,1.546505785614193,1.546505785614193,0.8926942239182619,6795.4124237874485,5561.152847838074,2723.4081369796704,2103.854505917562,9988.373680037577,8173.5756938609065,3998.7784569477617,3088.0485295060257,16646.188636665756,13620.87884019305,6658.121590191857,5140.244332898517
6,800477894,2023-03-30,HEL,NRT,AY73,7831.487310198503,12700.25466767328,48.0415325,62.84644796438872,1.6216912783775383,1.6216912783775383,1.3081690923242035,1.6266470832837094,1.6266470832837094,1.3049467543598898,6795.4124237874485,5561.152847838074,2723.4081369796704,2103.854505917562,16646.188636665756,13620.87884019305,6658.121590191857,5140.244332898517,16697.633933140838,13662.970446399937,6678.670478499802,5156.10176093132
7,800872976,2023-04-01,HEL,NRT,AY73,7831.487310198503,12991.724853516062,48.0415325,62.89623294748271,1.6589090090968637,1.6589090090968637,1.3092053828108563,1.624169180830624,1.624169180830624,1.3065579233420466,6795.4124237874485,5561.152847838074,2723.4081369796704,2103.854505917562,16671.85384481818,13641.877646863217,6668.373090948196,5148.15534166141,17114.125093817358,14003.735941498908,6845.03030006548,5284.480428355759
13,801244003,2023-04-03,HEL,NRT,AY73,7831.487310198503,12704.969610854072,48.0415325,63.55804947812731,1.6222933278981515,1.6222933278981515,1.3229813074370038,1.635749123586037,1.635749123586037,1.3074404098316499,6795.4124237874485,5561.152847838074,2723.4081369796704,2103.854505917562,16818.794558841822,13762.101867428017,6727.065887515593,5193.448146978356,17187.327109919624,14063.628500128034,6874.269514451783,5307.04411797819
14,801451030,2023-04-04,HEL,NRT,AY73,7831.487310198503,2912.6891081244244,48.0415325,73.04007669489559,0.3719202997789952,0.3719202997789952,1.5203527634114418,1.6323851746640656,1.6323851746640656,1.3113256342329884,6795.4124237874485,5561.152847838074,2723.4081369796704,2103.854505917562,16909.31040763287,13836.160289166146,6763.220797572472,5221.348628779007,6006.1780609238995,4915.415641858807,2408.1628204495146,1860.5819821371786
19,801871806,2023-04-06,HEL,NRT,AY73,7831.487310198503,2929.885370533427,48.0415325,73.16694243470226,0.3741160847848151,0.3741160847848151,1.5229935147198366,1.3802921996870516,1.3802921996870516,1.353131060068679,6795.4124237874485,5561.152847838074,2723.4081369796704,2103.854505917562,15526.696572786808,12704.930787928457,6210.9608396765725,4795.173625708558,6077.164031674898,4973.495072473259,2436.5168758119867,1882.4626009624153
22,802293706,2023-04-08,HEL,NRT,AY73,7831.487310198503,12073.636451913237,48.0415325,43.03638610167623,1.5416786076114075,1.5416786076114075,0.8958162627654774,1.129785999987273,1.129785999987273,1.3967404121406684,6795.4124237874485,5561.152847838074,2723.4081369796704,2103.854505917562,13905.655967655872,11378.624838275873,5563.465643422569,4295.506280092914,9964.99120653284,8154.444579175213,3989.4387530421764,3080.841147758116
24,802675172,2023-04-10,HEL,NRT,AY73,7831.487310198503,2948.613169281693,48.0415325,73.14474794585476,0.3765074311544732,0.3765074311544732,1.5225315292732338,1.1137834658340466,1.1137834658340466,1.3142698462289233,6795.4124237874485,5561.152847838074,2723.4081369796704,2103.854505917562,11610.141503273866,9500.476640145143,4646.564127251801,3587.9400318388016,6109.562724434107,5000.003093821703,2449.4579445675117,1892.449129838478
27,802894262,2023-04-11,HEL,NRT,AY73,7831.487310198503,12014.114570389836,48.0415325,42.95450307722641,1.5340782784318034,1.5340782784318034,0.8941118411912944,0.8573031502455686,0.8573031502455686,1.3569350755213987,6795.4124237874485,5561.152847838074,2723.4081369796704,2103.854505917562,9726.874468393082,7959.621793424501,3894.327351387489,3007.44436909856,9911.739325798946,8110.874858574752,3968.1682574990355,3064.4268606569017
31,803328175,2023-04-13,HEL,NRT,AY73,7831.487310198503,12041.209226754729,48.0415325,43.009735891567566,1.5375379860571494,1.5375379860571494,0.8952615300431468,0.839660140352299,0.839660140352299,1.2711611822722566,6795.4124237874485,5561.152847838074,2723.4081369796704,2103.854505917562,8082.794835792821,6614.465730387923,3237.62963450227,2500.675505072627,9936.894580019612,8131.456430209844,3978.216066429222,3072.1806819152607
34,803774352,2023-04-15,HEL,NRT,AY73,7831.487310198503,12055.157098552438,48.0415325,43.04020650267093,1.5393189851503288,1.5393189851503288,0.8958957856448674,1.0727836776079296,1.0727836776079296,1.1461429355985977,6795.4124237874485,5561.152847838074,2723.4081369796704,2103.854505917562,8464.296860451854,6926.603750563497,3390.0136818518736,2618.2691689234944,9949.976506207093,8142.159824363236,3983.4414039916073,3076.2130370042987
38,804165186,2023-04-17,HEL,NRT,AY73,7831.487310198503,12054.301456629264,48.0415325,42.89845487016974,1.539209728518825,1.539209728518825,0.8929451796769752,1.3058242576810324,1.3058242576810324,1.020723389783604,6795.4124237874485,5561.152847838074,2723.4081369796704,2103.854505917562,9003.62208323159,7367.869841928735,3605.4373361780968,2784.5100401496343,9941.967367726256,8135.606892878917,3980.2422992461375,3073.744311080519
40,804382485,2023-04-18,HEL,NRT,AY73,7831.487310198503,3005.1772432956773,48.0415325,72.52560556885084,0.3837300788807006,0.3837300788807006,1.509643880924299,1.3053304818625162,1.3053304818625162,1.0201491731659036,6795.4124237874485,5561.152847838074,2723.4081369796704,2103.854505917562,8996.162320274341,7361.766399509166,3602.4576694968773,2782.2106529880953,6050.2696983761225,4951.49061795608,2425.7744233636695,1874.1727283404916
44,804831508,2023-04-20,HEL,NRT,AY73,7831.487310198503,12573.881883711054,48.0415325,62.232799977216274,1.6055547797845242,1.6055547797845242,1.2953958114724229,1.3067750114077614,1.3067750114077614,1.0175716434961166,6795.4124237874485,5561.152847838074,2723.4081369796704,2103.854505917562,8988.017340414222,7355.102325078161,3599.2043053822963,2779.7000555028035,16137.319768745834,13204.53158462221,6454.863173062481,4983.391286962975
49,805288024,2023-04-22,HEL,NRT,AY73,7831.487310198503,11939.522345524265,48.0415325,42.94799992127978,1.524553622142259,1.524553622142259,0.8939764759019663,1.3210703116783056,1.3210703116783056,1.0978284375523422,6795.4124237874485,5561.152847838074,2723.4081369796704,2103.854505917562,9810.672057072105,8028.1834568891545,3927.7987745928017,3033.274023563543,9850.015999345293,8060.373955112674,3943.5139969894226,3045.4013466789997
52,805684841,2023-04-24,HEL,NRT,AY73,7831.487310198503,2961.7483324472278,48.0415325,73.22256722771439,0.3781846557537429,0.3781846557537429,1.5241513627342007,1.3184734388953276,1.3184734388953276,1.0975714267241061,6795.4124237874485,5561.152847838074,2723.4081369796704,2103.854505917562,9788.573014217678,8010.102421826443,3918.9717137253806,3026.4622447291526,6158.881400348646,5040.354737751781,2469.1573929583756,1907.6510512496357
57,806360729,2023-04-27,HEL,NRT,AY73,7831.487310198503,2748.212969526846,48.0415325,72.27076598861046,0.3509183965538708,0.3509183965538708,1.5043393128354192,1.0862465730160102,1.0862465730160102,1.2232225421419727,6795.4124237874485,5561.152847838074,2723.4081369796704,2103.854505917562,9620.211846278773,7872.352375330975,3851.72290630433,2974.5668279070755,5470.18210129257,4476.873493069537,2194.068979755864,1695.3673184439988
61,806805884,2023-04-29,HEL,NRT,AY73,7831.487310198503,2953.6435183549675,48.0415325,73.14673080332764,0.377149754748195,0.377149754748195,1.5225728030913177,0.9648028635585992,0.9648028635585992,1.3044657407360023,6795.4124237874485,5561.152847838074,2723.4081369796704,2103.854505917562,9873.79239457302,8079.827369389905,3953.0110457650426,3052.7301503216368,6120.508785466212,5008.95896193888,2453.8301496274944,1895.8231287645672
67,807198661,2023-05-01,HEL,NRT,AY73,7831.487310198503,2933.2182371559725,48.0415325,73.06046485044531,0.374541657411129,0.374541657411129,1.5207771494476223,0.657701607299517,0.657701607299517,1.3612599886407262,6795.4124237874485,5561.152847838074,2723.4081369796704,2103.854505917562,7533.302912991887,6164.881429914432,3018.1450767016704,2331.300864095635,6054.067249924674,4954.597705586713,2427.2912862833464,1875.3432804513377
70,807407121,2023-05-02,HEL,NRT,AY73,7831.487310198503,12709.095221045587,48.0415325,63.16042361650111,1.62282012568612,1.62282012568612,1.3147045968298596,0.37019861611673444,0.37019861611673444,1.5179601570271402,6795.4124237874485,5561.152847838074,2723.4081369796704,2103.854505917562,5946.7093252166,4866.759403552833,2384.409115220973,1842.2514201364902,16919.779990558087,13844.726311559505,6767.402682115897,5224.57575874317
3,807872447,2023-05-04,HEL,NRT,AY73,7831.487310198503,12672.566512029956,48.0415325,63.23227180491519,1.6181557870274763,1.6181557870274763,1.316200140054133,1.6266470832837094,1.6266470832837094,1.3049467543598898,6795.4124237874485,5561.152847838074,2723.4081369796704,2103.854505917562,16646.188636665756,13620.87884019305,6658.121590191857,5140.244332898517,16919.887758639266,13844.814485444107,6767.445728116504,5224.6089770295575
8,808331390,2023-05-06,HEL,NRT,AY73,7831.487310198503,12747.304063233532,48.0415325,62.14926749782678,1.6276989999886022,1.6276989999886022,1.2936570559614595,1.6181557870274763,1.6181557870274763,1.316200140054133,6795.4124237874485,5561.152847838074,2723.4081369796704,2103.854505917562,16919.887758639266,13844.814485444107,6767.445728116504,5224.6089770295575,16306.440127770344,13342.90278746044,6522.415225559202,5035.520715810017
12,808740165,2023-05-08,HEL,NRT,AY73,7831.487310198503,2735.7971396015423,48.0415325,72.11132933116319,0.3493330233758878,0.3493330233758878,1.5010205873670492,1.6229273935080393,1.6229273935080393,1.3049285980077963,6795.4124237874485,5561.152847838074,2723.4081369796704,2103.854505917562,16607.604537496707,13589.310031782014,6642.709873307857,5128.351222785332,5405.686753637717,4424.10457226102,2168.3074857778174,1675.4873604310683
16,808958717,2023-05-09,HEL,NRT,AY73,7831.487310198503,12843.468694552976,48.0415325,62.324628872432825,1.6399782296560264,1.6399782296560264,1.297307259555736,1.198395936797322,1.198395936797322,1.3702925944608806,6795.4124237874485,5561.152847838074,2723.4081369796704,2103.854505917562,13961.923740814293,11424.662107223674,5585.940782360279,4312.850181762485,16542.00717728,13535.639464331976,6616.5082004485685,5108.131581923078
21,809419944,2023-05-11,HEL,NRT,AY73,7831.487310198503,2740.533480224226,48.0415325,72.11294575966357,0.3499378051287121,0.3499378051287121,1.5010542338478392,1.3087915100119982,1.3087915100119982,1.3520462607345944,6795.4124237874485,5561.152847838074,2723.4081369796704,2103.854505917562,14691.506121166032,12021.593145693278,5877.359199057593,4537.73565979704,5415.40807850029,4432.058383512216,2172.1904922428107,1678.4838483503554
25,809882332,2023-05-13,HEL,NRT,AY73,7831.487310198503,12735.454955959076,48.0415325,63.05464509179675,1.6261859914366985,1.6261859914366985,1.3125027827077904,1.1170207690353409,1.1170207690353409,1.3818478553572433,6795.4124237874485,5561.152847838074,2723.4081369796704,2103.854505917562,13328.837098298998,10906.682126983887,5333.065833673772,4117.708418373538,16883.24340842709,13814.832744361414,6752.808808685162,5213.313772489724
32,810279619,2023-05-15,HEL,NRT,AY73,7831.487310198503,12822.386802787702,48.0415325,62.53274451876492,1.6372862899349696,1.6372862899349696,1.3016392538844368,1.1186268099171854,1.1186268099171854,1.381108383887975,6795.4124237874485,5561.152847838074,2723.4081369796704,2103.854505917562,13327.55978185738,10905.637049895293,5332.555632845103,4117.314700095369,16650.248901209823,13624.200874820015,6659.743389040992,5141.495863304856
36,810506541,2023-05-16,HEL,NRT,AY73,7831.487310198503,2737.4533683489126,48.0415325,72.34005762252592,0.3495445066716869,0.3495445066716869,1.5057816405529094,1.120544267906459,1.120544267906459,1.3827048234725705,6795.4124237874485,5561.152847838074,2723.4081369796704,2103.854505917562,13394.553825287381,10960.450358156198,5359.3151854196985,4137.964852686717,5466.309385901892,4473.7049077498905,2192.522094006064,1694.1735979329512
41,810988719,2023-05-18,HEL,NRT,AY73,7831.487310198503,2735.182800836444,48.0415325,72.12126695972496,0.349254578664077,0.349254578664077,1.5012274423120235,1.1205865645656188,1.1205865645656188,1.3836570341097425,6795.4124237874485,5561.152847838074,2723.4081369796704,2103.854505917562,13421.515932384473,10982.510263962911,5370.0847088795035,4146.275615811815,5406.953939227074,4425.141360470495,2168.813640021748,1675.8779559891514
47,811458267,2023-05-20,HEL,NRT,AY73,7831.487310198503,12750.558281861502,48.0415325,62.87969834134403,1.6281145300787463,1.6281145300787463,1.3088612096490475,0.8624418343672288,0.8624418343672288,1.424441070661,6795.4124237874485,5561.152847838074,2723.4081369796704,2103.854505917562,11262.08916093249,9215.706541865835,4507.540947327945,3480.6568524523263,16785.833572382388,13735.13378759757,6713.900220765036,5183.2882974589
51,811898638,2023-05-22,HEL,NRT,AY73,7831.487310198503,12068.7959437566,48.0415325,42.79586809126872,1.5410605247409506,1.5410605247409506,0.8908098027736462,1.1180771793572357,1.1180771793572357,1.3860024658212413,6795.4124237874485,5561.152847838074,2723.4081369796704,2103.854505917562,13456.85209810729,11011.42167228158,5384.199097801743,4157.167587348536,9948.81083400862,8141.206092564487,3982.9757974259674,3075.8537317953947
55,812128030,2023-05-23,HEL,NRT,AY73,7831.487310198503,13109.348168306216,48.0415325,60.645257480904846,1.673928290892415,1.673928290892415,1.262350602177498,1.1010520860180861,1.1010520860180861,1.3016638698344125,6795.4124237874485,5561.152847838074,2723.4081369796704,2103.854505917562,11205.27163396712,9169.219474348716,4484.846219227573,3463.143495418967,15838.63530588131,12960.153387733051,6335.559094997843,4891.325195426608
60,812606665,2023-05-25,HEL,NRT,AY73,7831.487310198503,2677.53810242813,48.0415325,71.8238522302439,0.3418939463697175,0.3418939463697175,1.495036658754462,1.108380486209575,1.108380486209575,1.293806139493025,6795.4124237874485,5561.152847838074,2723.4081369796704,2103.854505917562,11114.445256586805,9094.90698376482,4448.567274171685,3435.1472967094087,5221.515709400723,4273.419172430753,2094.7437107217906,1618.7187288977902
66,813121916,2023-05-27,HEL,NRT,AY73,7831.487310198503,12652.59246214837,48.0415325,62.426298031024416,1.6156053072666816,1.6156053072666816,1.2994235358962458,1.1068503741491813,1.1068503741491813,1.2916571431333355,6795.4124237874485,5561.152847838074,2723.4081369796704,2103.854505917562,11054.752787885573,9046.067691191085,4424.724202866591,3416.7477715557625,16361.521763329098,13387.96958019033,6544.416583398863,5052.499004043326
74,813554912,2023-05-29,HEL,NRT,AY73,7831.487310198503,12661.241334944578,48.0415325,62.1323769522413,1.616709678946496,1.616709678946496,1.2933054738052183,1.3601205198697022,1.3601205198697022,1.2512963618501798,6795.4124237874485,5561.152847838074,2723.4081369796704,2103.854505917562,12626.044124875232,10331.669694182623,5052.347958493711,3901.0804705994506,16185.874303605602,13244.258022234746,6474.25739920249,4998.357670577419
77,813779496,2023-05-30,HEL,NRT,AY73,7831.487310198503,12786.00299422285,48.0415325,62.16334586355504,1.6326404535665098,1.6326404535665098,1.2939501016865989,1.3578395496432523,1.3578395496432523,1.2481852146814139,6795.4124237874485,5561.152847838074,2723.4081369796704,2103.854505917562,12537.044835743287,10258.852093983758,5016.798810618848,3873.6474510800854,16364.831898411267,13390.67787253029,6545.738756673161,5053.519315567234
84,814259530,2023-06-01,HEL,NRT,AY73,7831.487310198503,12701.596550887636,48.0415325,61.95000810070429,1.621862622997175,1.621862622997175,1.2895094073176014,1.376155535408364,1.376155535408364,1.3288132744640047,6795.4124237874485,5561.152847838074,2723.4081369796704,2103.854505917562,14750.125557326406,12069.554502551766,5900.773667023924,4555.804434863519,16123.024181757824,13192.83519526838,6449.153060759882,4978.984834723772
5,814752794,2023-06-03,HEL,NRT,AY73,7831.487310198503,12663.82011083342,48.0415325,62.02097387939699,1.6170389619787855,1.6170389619787855,1.2909865828988072,1.6181557870274763,1.6181557870274763,1.316200140054133,6795.4124237874485,5561.152847838074,2723.4081369796704,2103.854505917562,16919.887758639266,13844.814485444107,6767.445728116504,5224.6089770295575,16119.339247778078,13189.820249284952,6447.681180880471,4977.848995698765
9,815192767,2023-06-05,HEL,NRT,AY73,7831.487310198503,12659.667170335984,48.0415325,62.25655615000986,1.6165086743931787,1.6165086743931787,1.2958903038742542,1.6170389619787855,1.6170389619787855,1.2909865828988072,6795.4124237874485,5561.152847838074,2723.4081369796704,2103.854505917562,16119.339247778078,13189.820249284952,6447.681180880471,4977.848995698765,16262.317365199251,13306.80234535682,6504.791190282224,5021.920375642507
10,815423032,2023-06-06,HEL,NRT,AY73,7831.487310198503,12683.912738616733,48.0415325,62.56460052507836,1.6196045829122638,1.6196045829122638,1.3023023469344646,1.616773818185982,1.616773818185982,1.2934384433865307,6795.4124237874485,5561.152847838074,2723.4081369796704,2103.854505917562,16190.535380635301,13248.071630713588,6476.119181675147,4999.79439460504,16491.355355595566,13494.197064771988,6596.276251218936,5092.518733477735
18,815903850,2023-06-08,HEL,NRT,AY73,7831.487310198503,12690.830007505288,48.0415325,62.00934337045204,1.6204878466672272,1.6204878466672272,1.2907444901024343,1.617717406428076,1.617717406428076,1.2963930779025086,6795.4124237874485,5561.152847838074,2723.4081369796704,2103.854505917562,16289.810073464965,13329.296379392406,6515.772652731542,5030.3946905482735,16146.395064232893,13211.956826384347,6458.488134839414,4986.188643668502
26,816834510,2023-06-12,HEL,NRT,AY73,7831.487310198503,2448.701391408109,48.0415325,70.77749419173503,0.3126738631395474,0.3126738631395474,1.4732563785665045,1.6184100164878639,1.6184100164878639,1.29498093095249,6795.4124237874485,5561.152847838074,2723.4081369796704,2103.854505917562,16253.706986609304,13299.757490146865,6501.3519311068085,5019.266324287368,4553.88692987469,3727.1774437276354,1828.071533445199,1412.929744299567
29,817066213,2023-06-13,HEL,NRT,AY73,7831.487310198503,12937.5717684889,48.0415325,61.99516289250659,1.651994219749425,1.651994219749425,1.2904493188785473,1.2923187417780544,1.2923187417780544,1.3405483798694144,6795.4124237874485,5561.152847838074,2723.4081369796704,2103.854505917562,14177.327645676243,11600.901665747086,5671.979955722751,4379.245987664534,16450.831993765296,13461.041586910858,6580.08993112423,5080.027867686302
35,817547286,2023-06-15,HEL,NRT,AY73,7831.487310198503,2434.3195666298275,48.0415325,70.8701100250361,0.3108374527351593,0.3108374527351593,1.4751842070199592,1.3011901281171159,1.3011901281171159,1.3391881336204876,6795.4124237874485,5561.152847838074,2723.4081369796704,2103.854505917562,14236.012830623988,11648.91681706797,5695.420685846765,4397.3350290475755,4546.427655093939,3721.0744007252024,1825.092061757206,1410.6305076128867
39,818046133,2023-06-17,HEL,NRT,AY73,7831.487310198503,12757.795639796555,48.0415325,62.21034288521056,1.6290386658971918,1.6290386658971918,1.2949283598563504,0.9739983455728397,0.9739983455728397,1.3824085986418613,6795.4124237874485,5561.152847838074,2723.4081369796704,2103.854505917562,11638.730945676827,9523.868002111201,4657.983660211621,3596.7524025794874,16358.686499852272,13385.649819163837,6543.28408895329,5051.625066295498
45,818485566,2023-06-19,HEL,NRT,AY73,7831.487310198503,2385.709621580834,48.0415325,70.42723524690741,0.3046304650808869,0.3046304650808869,1.465965625615865,0.9761360503803308,0.9761360503803308,1.3834545660803403,6795.4124237874485,5561.152847838074,2723.4081369796704,2103.854505917562,11689.52128174919,9565.423731624951,4678.270936495071,3612.4079465108825,4367.231652765561,3574.4594897292573,1753.5154767362687,1355.3953762133724
48,818709803,2023-06-20,HEL,NRT,AY73,7831.487310198503,12663.219225966608,48.0415325,62.53887951734123,1.616962235190755,1.616962235190755,1.3017669558593126,0.841834933320442,0.841834933320442,1.3999567779874451,6795.4124237874485,5561.152847838074,2723.4081369796704,2103.854505917562,10437.652971142528,8541.167841128594,4178.234901065251,3226.5337655426365,16447.82646957396,13458.5825216634,6578.889429131896,5079.101449008007
53,819189204,2023-06-22,HEL,NRT,AY73,7831.487310198503,2408.287136766232,48.0415325,70.66150982634434,0.3075133804571267,0.3075133804571267,1.470842126577547,1.1026926077306836,1.1026926077306836,1.3656588934460068,6795.4124237874485,5561.152847838074,2723.4081369796704,2103.854505917562,12727.723734885567,10414.862102372896,5092.962029992157,3932.4220549350216,4455.527145100462,3646.701256185085,1788.7835057768566,1382.6114583677381
58,819671543,2023-06-24,HEL,NRT,AY73,7831.487310198503,12686.673473584618,48.0415325,63.02159652589044,1.6199571002386075,1.6199571002386075,1.3118148661450473,0.8337964398722238,0.8337964398722238,1.4017374549858068,6795.4124237874485,5561.152847838074,2723.4081369796704,2103.854505917562,10376.969867402553,8491.518028977702,4153.996138605475,3207.828888395513,16796.49045268906,13743.853053303028,6718.156917842074,5186.57315971252
62,820137374,2023-06-26,HEL,NRT,AY73,7831.487310198503,13052.827230315785,48.0415325,61.54465124625563,1.6667111511906332,1.6667111511906332,1.281071773600387,1.0956203693729134,1.0956203693729134,1.3690635868108245,6795.4124237874485,5561.152847838074,2723.4081369796704,2103.854505917562,12734.477348157212,10420.387785958788,5095.659638020547,3934.503779480402,16312.333489818757,13347.724629136415,6524.769221877403,5037.3372776914175
65,820357910,2023-06-27,HEL,NRT,AY73,7831.487310198503,13142.867605667076,48.0415325,61.40674812566324,1.6782083766581428,1.6782083766581428,1.2782012756496317,1.1031548664316018,1.1031548664316018,1.3662922695596318,6795.4124237874485,5561.152847838074,2723.4081369796704,2103.854505917562,12749.507539821738,10432.68521550249,5101.663174804729,3939.1366652633583,16338.722285973574,13369.315462353994,6535.309746705151,5045.4713242334565
71,820839193,2023-06-29,HEL,NRT,AY73,7831.487310198503,12711.272490615376,48.0415325,62.60861445774356,1.6230981405105778,1.6230981405105778,1.3032185111443635,1.377870448747053,1.377870448747053,1.3287393995663852,6795.4124237874485,5561.152847838074,2723.4081369796704,2103.854505917562,14766.34062661487,12082.821377424147,5907.25048163176,4560.802545709537,16555.566294475797,13546.733287492174,6621.924143283027,5112.311025717806
80,821334398,2023-07-01,HEL,NRT,AY73,7831.487310198503,12695.367466408095,48.0415325,62.32460931637109,1.62106723327964,1.62106723327964,1.2973068524900009,1.3790976298110176,1.3790976298110176,1.3290297106233953,6795.4124237874485,5561.152847838074,2723.4081369796704,2103.854505917562,14787.878315871043,12100.443123179195,5915.853320010787,4567.441293676284,16351.515489182848,13379.782628616129,6540.4197591234015,5049.414683745406
86,821746174,2023-07-03,HEL,NRT,AY73,7831.487310198503,12666.36105923368,48.0415325,62.41297730050026,1.6173634148316878,1.6173634148316878,1.2991462605923376,1.6418084003755204,1.6418084003755204,1.294322655805886,6795.4124237874485,5561.152847838074,2723.4081369796704,2103.854505917562,16468.06191673948,13475.138796617006,6586.97211058494,5085.338795648515,16370.748043579955,13395.518354941032,6548.101853294518,5055.34290008656
76,821960858,2023-07-04,HEL,NRT,AY73,7831.487310198503,11882.543404588803,48.0415325,63.13947341605417,1.5172780001973365,1.5172780001973365,1.314268511647795,1.3790976298110176,1.3790976298110176,1.3290297106233955,6795.4124237874485,5561.152847838074,2723.4081369796704,2103.854505917562,14787.878315871052,12100.443123179202,5915.85332001079,4567.441293676286,15807.642747642778,12934.795840083345,6323.179681110521,4881.772091537743
83,822422800,2023-07-06,HEL,NRT,AY73,7831.487310198503,2311.609278587569,48.0415325,70.42536554424639,0.2951686170233961,0.2951686170233961,1.4659267071517,1.6099129376614243,1.6099129376614243,1.2982487877329478,6795.4124237874485,5561.152847838074,2723.4081369796704,2103.854505917562,16267.941325422584,13311.403767357731,6507.037578939614,5023.653897472711,4231.955383219964,3463.778905555586,1699.4818304348166,1313.6980033562775
90,822928046,2023-07-08,HEL,NRT,AY73,7831.487310198503,12643.481922205863,48.0415325,62.37056263308628,1.61444198546309,1.61444198546309,1.2982633856046597,1.3347950811685279,1.3347950811685279,1.3359733686052393,6795.4124237874485,5561.152847838074,2723.4081369796704,2103.854505917562,14510.453180557419,11873.458921558959,5805.0408938031305,4481.928148274215,16314.088577440347,13349.160609917719,6525.470259717164,5037.878263506595
98,823373504,2023-07-10,HEL,NRT,AY73,7831.487310198503,12679.441772210244,48.0415325,62.357107633055605,1.6190336867045068,1.6190336867045068,1.2979833154376497,1.33306385015903,1.33306385015903,1.3349823434972987,6795.4124237874485,5561.152847838074,2723.4081369796704,2103.854505917562,14463.337304218614,11834.909568190844,5786.221313651891,4467.405214800465,16351.806769146082,13380.020948586045,6540.536105608715,5049.504467484072
100,823623236,2023-07-11,HEL,NRT,AY73,7831.487310198503,2314.293346957092,48.0415325,70.1208175431124,0.295511344817391,0.295511344817391,1.4595874422430717,1.3326571408440036,1.3326571408440036,1.3351176360868284,6795.4124237874485,5561.152847838074,2723.4081369796704,2103.854505917562,14462.792447566533,11834.463776384597,5786.003680568703,4467.237268929013,4178.7737882102165,3420.266691456702,1678.2394092462644,1297.3053810308302
107,824133175,2023-07-13,HEL,NRT,AY73,7831.487310198503,12752.396734356738,48.0415325,62.16538751559525,1.628349281464073,1.628349281464073,1.2939925993325725,1.068286726841144,1.068286726841144,1.367205872416975,6795.4124237874485,5561.152847838074,2723.4081369796704,2103.854505917562,12370.310801794327,10122.43333893461,4950.199932285826,3822.2535798202507,16323.177474302232,13356.59698007744,6529.100654315973,5040.679812681352
114,824627175,2023-07-15,HEL,NRT,AY73,7831.487310198503,12659.371046753062,48.0415325,62.63285195895067,1.61647086247174,1.61647086247174,1.3037230225524272,1.0905009830944912,1.0905009830944912,1.3631506899539307,6795.4124237874485,5561.152847838074,2723.4081369796704,2103.854505917562,12523.140374115943,10247.47571628866,5011.244926230199,3869.3615587887034,16503.834988856157,13504.40767380338,6601.261013822454,5096.365438616297
118,825064512,2023-07-17,HEL,NRT,AY73,7831.487310198503,12802.9335651393,48.0415325,62.24895815944445,1.6348023125143505,1.6348023125143505,1.2957321492490783,1.35476143218416,1.35476143218416,1.330709953034076,6795.4124237874485,5561.152847838074,2723.4081369796704,2103.854505917562,14575.288687656051,11926.506154639657,5830.938258286276,4501.912956570242,16441.214068148216,13453.172375042337,6576.248225607862,5077.063251409447
123,825313522,2023-07-18,HEL,NRT,AY73,7831.487310198503,12687.785877230846,48.0415325,62.58654525994586,1.6200991426888045,1.6200991426888045,1.3027591336713884,1.358833497594412,1.358833497594412,1.3302037057629599,6795.4124237874485,5561.152847838074,2723.4081369796704,2103.854505917562,14604.510266606521,11950.414719235498,5842.610286696607,4510.920176218328,16510.650628946692,13509.984106604727,6603.98339733589,5098.46628222375
131,825825681,2023-07-20,HEL,NRT,AY73,7831.487310198503,12033.957126018424,48.0415325,42.805474463948535,1.5366119677353345,1.5366119677353345,0.8910097625205552,1.3590465887912717,1.3590465887912717,1.3311588694097076,6795.4124237874485,5561.152847838074,2723.4081369796704,2103.854505917562,14634.211436636378,11974.715676532654,5854.4738790437605,4520.075224366736,9920.626709508337,8118.14635433698,3971.7181613329562,3067.166295692324
136,826337252,2023-07-22,HEL,NRT,AY73,7831.487310198503,12754.448499312455,48.0415325,62.748728128783085,1.6286112706462612,1.6286112706462612,1.306135022415929,1.6072667133748606,1.6072667133748606,1.2174433334652044,6795.4124237874485,5561.152847838074,2723.4081369796704,2103.854505917562,14089.491334327988,11529.035592825785,5636.895338178532,4352.171442831336,16703.941061369143,13668.130824041276,6681.18974619554,5158.045861535784
142,826796502,2023-07-24,HEL,NRT,AY73,7831.487310198503,2311.0859997864422,48.0415325,70.07970406236876,0.2951017997279834,0.2951017997279834,1.4587316518757756,1.6073191112112983,1.6073191112112983,1.2198718180818757,6795.4124237874485,5561.152847838074,2723.4081369796704,2103.854505917562,14145.820582856262,11575.123159803468,5659.395032334998,4369.53429358508,4165.261909582163,3409.2115180337496,1672.8423349988088,1293.140497987808
145,827038303,2023-07-25,HEL,NRT,AY73,7831.487310198503,12663.453737971062,48.0415325,62.61337864723159,1.6169921799503093,1.6169921799503093,1.3033176792857637,1.3430452986625467,1.3430452986625467,1.2508735439465453,6795.4124237874485,5561.152847838074,2723.4081369796704,2103.854505917562,12458.662250183175,10194.720887616395,4985.490311954782,3849.486909792382,16496.47286919784,13498.38412135567,6598.320348981662,5094.096148892073
152,827540321,2023-07-27,HEL,NRT,AY73,7831.487310198503,12744.964202015695,48.0415325,62.66811145021598,1.627400223890889,1.627400223890889,1.304456960239892,1.3394832721497385,1.3394832721497385,1.2523906499538824,6795.4124237874485,5561.152847838074,2723.4081369796704,2103.854505917562,12458.550576241883,10194.629518028067,4985.445705829368,3849.4524875690004,16638.407848237166,13614.512740569662,6655.013695722939,5137.845993283456
158,828033376,2023-07-29,HEL,NRT,AY73,7831.487310198503,12825.517878153469,48.0415325,62.07344300266254,1.637686095903076,1.637686095903076,1.292078744629192,1.3409434883901554,1.3409434883901554,1.2527302152675832,6795.4124237874485,5561.152847838074,2723.4081369796704,2103.854505917562,12479.495967815405,10211.76665658822,4993.811961668109,3855.908666505725,16358.097498973282,13385.167909353757,6543.048823261284,5051.443513467742
165,828491745,2023-07-31,HEL,NRT,AY73,7831.487310198503,12656.508494608866,48.0415325,62.40812526187212,1.6161053441441462,1.6161053441441462,1.299045263842741,1.3611583140237038,1.3611583140237038,1.3329440116893105,6795.4124237874485,5561.152847838074,2723.4081369796704,2103.854505917562,14708.453083101194,12035.458841822048,5884.128354876013,4542.959368234441,16354.92131533019,13382.56921364577,6541.780154453843,5050.464490952753
167,828744419,2023-08-01,HEL,NRT,AY73,7831.487310198503,12697.807797858432,48.0415325,61.93952180933463,1.6213788383877985,1.6213788383877985,1.28929113177925,1.3586571287232807,1.3586571287232807,1.331526059974673,6795.4124237874485,5561.152847838074,2723.4081369796704,2103.854505917562,14640.582449269925,11979.928323232827,5857.018664203637,4522.039016613155,16111.692184315072,13183.563560997038,6444.6267004176925,4975.491875284742
79,829238266,2023-08-03,HEL,NRT,AY73,7831.487310198503,12722.599595135323,48.0415325,61.859090019451415,1.6245444947050354,1.6245444947050354,1.287616918120824,1.606194839122019,1.606194839122019,1.2985627661472634,6795.4124237874485,5561.152847838074,2723.4081369796704,2103.854505917562,16240.01470227458,13288.554712054816,6495.882797079927,5015.045833235328,16093.082212323632,13168.33722027677,6437.193285468839,4969.755562895335
85,829722090,2023-08-05,HEL,NRT,AY73,7831.487310198503,12726.125397852216,48.0415325,61.93601571520248,1.6249947032768222,1.6249947032768222,1.289218151298618,1.6245444947050354,1.6245444947050354,1.287616918120824,6795.4124237874485,5561.152847838074,2723.4081369796704,2103.854505917562,16093.082212323632,13168.33722027677,6437.193285468839,4969.755562895335,16145.383782479172,13211.129414040392,6458.084196729829,4985.876927559755
92,830158650,2023-08-07,HEL,NRT,AY73,7831.487310198503,12676.058664284888,48.0415325,61.91062476858019,1.6186016987830107,1.6186016987830107,1.2886896305520683,1.6247695989909288,1.6247695989909288,1.2884175347097209,6795.4124237874485,5561.152847838074,2723.4081369796704,2103.854505917562,16119.197283357653,13189.70409657733,6447.624475773904,4977.805236779401,16066.1977681104,13146.340856829578,6426.454783035939,4961.468738471654
95,830389794,2023-08-08,HEL,NRT,AY73,7831.487310198503,12023.12525131502,48.0415325,42.82619039502472,1.5352288492708126,1.5352288492708126,0.8914409713100789,1.622713632254956,1.622713632254956,1.2885082333238367,6795.4124237874485,5561.152847838074,2723.4081369796704,2103.854505917562,16101.53680881316,13175.254617404566,6440.570320316645,4972.361596188272,9912.729942482161,8111.685363133747,3968.5639413219333,3064.7322069924953
104,830982229,2023-08-10,HEL,NRT,AY73,7831.487310198503,12661.24110319325,48.0415325,62.34419998703824,1.616709649354246,1.616709649354246,1.2977146386210356,1.6008424365089202,1.6008424365089202,1.1892414178203974,6795.4124237874485,5561.152847838074,2723.4081369796704,2103.854505917562,13424.169026635947,10984.680977441389,5371.144439140177,4147.0934019660335,16320.123586213012,13354.098344368082,6527.880834243972,5039.738486381124
110,831489959,2023-08-12,HEL,NRT,AY73,7831.487310198503,12681.272789272509,48.0415325,62.41438722664728,1.6192674886618796,1.6192674886618796,1.2991756086600126,1.6040158790779855,1.6040158790779855,1.210936061980525,6795.4124237874485,5561.152847838074,2723.4081369796704,2103.854505917562,13914.178457344897,11385.597784385076,5566.869796974491,4298.133240693082,16390.899152574704,13412.005625936737,6556.1508473986705,5061.5542504443165
117,831941737,2023-08-14,HEL,NRT,AY73,7831.487310198503,12793.135714298964,48.0415325,62.30619637234754,1.6335512282116815,1.6335512282116815,1.2969235811190565,1.6029604778693542,1.6029604778693542,1.2132478000883626,6795.4124237874485,5561.152847838074,2723.4081369796704,2103.854505917562,13956.756956606401,11420.434738326308,5583.877004349968,4311.257579243858,16465.404515415292,13472.964559169945,6585.910659942382,5084.519681888077
121,832179942,2023-08-15,HEL,NRT,AY73,7831.487310198503,12674.604894010608,48.0415325,62.364867592490526,1.618416067342047,1.618416067342047,1.298144841497105,1.604671782856326,1.604671782856326,1.2147888860524503,6795.4124237874485,5561.152847838074,2723.4081369796704,2103.854505917562,14006.403703067193,11461.054803612411,5603.707494555614,4326.560624672825,16350.54338997709,13378.987274720505,6540.031471770191,5049.115045211812
127,832675751,2023-08-17,HEL,NRT,AY73,7831.487310198503,12668.149566319364,48.0415325,62.16781241910311,1.6175917887043434,1.6175917887043434,1.294043074481504,1.6046346565681333,1.6046346565681333,1.2166799282414575,6795.4124237874485,5561.152847838074,2723.4081369796704,2103.854505917562,14049.029788194948,11495.93069144421,5620.733709240165,4339.699631026124,16217.025548141206,13269.745404127512,6486.700197445973,5007.959687714105
135,833178463,2023-08-19,HEL,NRT,AY73,7831.487310198503,12707.294078995556,48.0415325,62.76160469156267,1.6225901384590848,1.6225901384590848,1.3064030522249197,1.6211072444548396,1.6211072444548396,1.2972003488757426,6795.4124237874485,5561.152847838074,2723.4081369796704,2103.854505917562,16348.64788977021,13377.436410914876,6539.274348676192,5048.530778812817,16650.760028950554,13624.61907024425,6659.947549723797,5141.653412622667
140,833636410,2023-08-21,HEL,NRT,AY73,7831.487310198503,12662.51408675437,48.0415325,62.290356840048425,1.6168721962001642,1.6168721962001642,1.2965938761434894,1.6222833422758072,1.6222833422758072,1.2989380315965195,6795.4124237874485,5561.152847838074,2723.4081369796704,2103.854505917562,16414.038120617006,13430.937508880437,6565.393287474658,5068.686574400536,16287.445987115545,13327.362126924696,6514.828361422653,5029.665987795683
146,833872587,2023-08-22,HEL,NRT,AY73,7831.487310198503,12696.14198262608,48.0415325,62.12212934555713,1.6211661309969323,1.6211661309969323,1.2930921665656092,1.621804283783464,1.621804283783464,1.2984216850932149,6795.4124237874485,5561.152847838074,2723.4081369796704,2103.854505917562,16393.25917785082,13413.936555708104,6557.0935165856645,5062.28170141721,16223.9634870357,13275.42189958664,6489.471430993033,5010.098228538116
153,834378973,2023-08-24,HEL,NRT,AY73,7831.487310198503,12788.402594850795,48.0415325,62.420569580146896,1.6329468577695556,1.6329468577695556,1.2993042963428965,1.6193272643405145,1.6193272643405145,1.2976554021825255,6795.4124237874485,5561.152847838074,2723.4081369796704,2103.854505917562,16344.689773619837,13374.19795224639,6537.693351145674,5047.310734488056,16533.176167367,13528.414092584979,6612.980814102639,5105.409523469782
160,834855871,2023-08-26,HEL,NRT,AY73,7831.487310198503,12665.57348009021,48.0415325,61.622255957772985,1.6172628491138012,1.6172628491138012,1.2826871407104463,1.6222334224260162,1.6222334224260162,1.2978872931516838,6795.4124237874485,5561.152847838074,2723.4081369796704,2103.854505917562,16381.1193278625,13404.003951172206,6552.244474232373,5058.53973061115,15876.057155911434,12990.771265030424,6350.506572595103,4902.860055450097
166,835302872,2023-08-28,HEL,NRT,AY73,7831.487310198503,12671.195166899906,48.0415325,62.00443300850469,1.6179806804256611,1.6179806804256611,1.29064227933413,1.6221676345079075,1.6221676345079075,1.2956161063974723,6795.4124237874485,5561.152847838074,2723.4081369796704,2103.854505917562,16310.781446596979,13346.454775591325,6524.1492864314305,5036.858878005159,16118.385667320534,13189.040047092416,6447.300290504532,4977.555065358868
170,835525748,2023-08-29,HEL,NRT,AY73,7831.487310198503,12673.812157544293,48.0415325,62.22155293773748,1.6183148430873282,1.6183148430873282,1.2951617007167178,1.6212457429012228,1.6212457429012228,1.2924639518193142,6795.4124237874485,5561.152847838074,2723.4081369796704,2103.854505917562,16205.752592213501,13260.5220765503,6482.197420163484,5004.48492715116,16258.253944942502,13303.477728783117,6503.168130941035,5020.667872523594
177,835998937,2023-08-31,HEL,NRT,AY73,7831.487310198503,12713.762456722974,48.0415325,62.21816893092254,1.6234160834515508,1.6234160834515508,1.295091261522986,1.6215342722786557,1.6215342722786557,1.2921775167339598,6795.4124237874485,5561.152847838074,2723.4081369796704,2103.854505917562,16199.978270515116,13255.797631524347,6479.890972348732,5002.705058104926,16307.278221721772,13343.58850069343,6522.749986950027,5035.779048746749
75,836488298,2023-09-02,HEL,NRT,AY73,7831.487310198503,12665.625494050202,48.0415325,61.86973209789542,1.617269490758987,1.617269490758987,1.287838436417394,1.3790976298110176,1.3790976298110176,1.3290297106233955,6795.4124237874485,5561.152847838074,2723.4081369796704,2103.854505917562,14787.878315871052,12100.443123179202,5915.85332001079,4567.441293676286,16027.692241671315,13114.8363351976,6411.074450600328,4949.599847509606
81,836916102,2023-09-04,HEL,NRT,AY73,7831.487310198503,12011.811268679005,48.0415325,42.6564226446758,1.5337841706053337,1.5337841706053337,0.8879072008095453,1.617269490758987,1.617269490758987,1.287838436417394,6795.4124237874485,5561.152847838074,2723.4081369796704,2103.854505917562,16027.692241671315,13114.8363351976,6411.074450600328,4949.599847509606,9895.34942282543,8097.464937960058,3961.6216087545,3059.374859314213
87,837149262,2023-09-05,HEL,NRT,AY73,7831.487310198503,12072.019372937084,48.0415325,42.715163632786094,1.5414721233368247,1.5414721233368247,0.8891299134303448,1.5755268306821604,1.5755268306821604,1.0878728186134696,6795.4124237874485,5561.152847838074,2723.4081369796704,2103.854505917562,11566.653279983544,9464.89536654397,4629.193547153451,3574.5352811939156,9947.585101780305,8140.2032207413195,3982.486200973408,3075.4759137647925
93,837637132,2023-09-07,HEL,NRT,AY73,7831.487310198503,12702.43358475457,48.0415325,61.9144660724144,1.6219695035721895,1.6219695035721895,1.288769588530807,1.5641752615670486,1.5641752615670486,1.021625183552428,6795.4124237874485,5561.152847838074,2723.4081369796704,2103.854505917562,10787.984003225309,8827.802321923597,4318.168262175588,3334.5193251476985,16101.965027131055,13175.604977846477,6440.741364337939,4972.493589618645
101,838129994,2023-09-09,HEL,NRT,AY73,7831.487310198503,12716.876001564906,48.0415325,61.67926397506896,1.6238136509529215,1.6238136509529215,1.2838737809845877,1.5786238220683337,1.5786238220683337,1.0884112847970226,6795.4124237874485,5561.152847838074,2723.4081369796704,2103.854505917562,11596.175246670075,9489.04970292386,4640.985559983355,3583.6350919481447,15975.089221721364,13071.797500693094,6390.063130699864,4933.385564371623
108,838578971,2023-09-11,HEL,NRT,AY73,7831.487310198503,2312.0220336255397,48.0415325,70.24798675490939,0.2952213215763912,0.2952213215763912,1.4622345104188628,1.5876617878452515,1.5876617878452515,1.1275037840345357,6795.4124237874485,5561.152847838074,2723.4081369796704,2103.854505917562,12214.100104925777,9994.624586951251,4887.804409616173,3774.1034076320752,4198.799725137876,3436.6515489429685,1686.2384056440735,1303.478148521316
111,838800410,2023-09-12,HEL,NRT,AY73,7831.487310198503,12675.708901875332,48.0415325,61.91859330818422,1.618557037737707,1.618557037737707,1.288855498275044,1.323252154008732,1.323252154008732,1.1623829988348295,6795.4124237874485,5561.152847838074,2723.4081369796704,2103.854505917562,10671.54054921983,8732.53040501002,4271.657041626809,3298.6269536715777,16070.69788169634,13150.02276794535,6428.252271587596,4962.855847346865
119,839278233,2023-09-14,HEL,NRT,AY73,7831.487310198503,12072.129494491057,48.0415325,42.85506489415391,1.541486184721286,1.541486184721286,0.8920420033260575,1.3402067274352067,1.3402067274352067,1.2425726583279293,6795.4124237874485,5561.152847838074,2723.4081369796704,2103.854505917562,12255.600449764144,10028.579414546279,4904.380967810134,3786.8954173336742,9954.464721828761,8145.832000780965,3985.2341401177628,3077.596478467228
126,839765012,2023-09-16,HEL,NRT,AY73,7831.487310198503,12802.099756615897,48.0415325,62.29057814255617,1.634695843782374,1.634695843782374,1.2965984826265933,1.340209539712099,1.340209539712099,1.2431550763070718,6795.4124237874485,5561.152847838074,2723.4081369796704,2103.854505917562,12267.856251085122,10038.606888354352,4909.276324815049,3790.6731288203964,16466.874669408055,13474.167412436753,6586.497886224721,5084.972840150051
133,840195029,2023-09-18,HEL,NRT,AY73,7831.487310198503,12088.242962564638,48.0415325,42.82435406255648,1.5435437080799204,1.5435437080799204,0.891402747457244,1.342754807754136,1.342754807754136,1.2447208551262292,6795.4124237874485,5561.152847838074,2723.4081369796704,2103.854505917562,12324.181752370132,10084.691389405723,4931.774522203322,3808.034824528986,9966.200017759158,8155.433606542199,3989.9215907081425,3081.2137500821373
138,840436868,2023-09-19,HEL,NRT,AY73,7831.487310198503,12099.42902960748,48.0415325,43.117892428767966,1.5449720532460136,1.5449720532460136,0.8975128432626075,1.3267008191795355,1.3267008191795355,1.1662266484207604,6795.4124237874485,5561.152847838074,2723.4081369796704,2103.854505917562,10757.901146640019,8803.189075626542,4306.152212073624,3325.2466264559257,9990.59333239738,8175.391773064382,3999.6650567255692,3088.732712122612
144,840911217,2023-09-21,HEL,NRT,AY73,7831.487310198503,12060.400122213445,48.0415325,42.944286608953824,1.539988465091154,1.539988465091154,0.8938991821077694,1.5766509655134602,1.5766509655134602,1.0532823149895092,6795.4124237874485,5561.152847838074,2723.4081369796704,2103.854505917562,11175.513778387369,9144.872137965282,4472.959984868161,3453.970974593958,9949.311492504328,8141.615722242794,3983.175776359197,3076.008054087396
150,841395271,2023-09-23,HEL,NRT,AY73,7831.487310198503,12011.586719693569,48.0415325,43.06981703257322,1.5337554980203516,1.5337554980203516,0.8965121383788749,1.5609372509841495,1.5609372509841495,0.9742910517560543,6795.4124237874485,5561.152847838074,2723.4081369796704,2103.854505917562,10421.954235842848,8528.323421337947,4171.964326681344,3221.6948087812298,9915.662645984334,8114.084847817343,3969.735356413994,3065.636179520863
157,841821409,2023-09-25,HEL,NRT,AY73,7831.487310198503,12096.757245481842,48.0415325,42.82991404736989,1.544630894023019,1.544630894023019,0.8915184803351118,1.5593911136439629,1.5593911136439629,0.9751850787666179,6795.4124237874485,5561.152847838074,2723.4081369796704,2103.854505917562,10417.072887498469,8524.329590874364,4170.014560836969,3220.190188623942,9973.477365357889,8161.387800032071,3992.8283948910453,3083.456909782315
162,842049944,2023-09-26,HEL,NRT,AY73,7831.487310198503,12649.734566949895,48.0415325,62.14265607119977,1.615240383582932,1.615240383582932,1.2935194369829848,1.5413781236920916,1.5413781236920916,0.8941690783083216,6795.4124237874485,5561.152847838074,2723.4081369796704,2103.854505917562,9958.933431185273,8149.488217527202,3987.01908482096,3078.973907345585,16177.648801796553,13237.528066209154,6470.971872059443,4995.822253116391
168,842518651,2023-09-28,HEL,NRT,AY73,7831.487310198503,12797.970009716955,48.0415325,62.17467164874743,1.6341685177796157,1.6341685177796157,1.29418585155974,1.5557174587926939,1.5557174587926939,0.9745924162134697,6795.4124237874485,5561.152847838074,2723.4081369796704,2103.854505917562,10388.999447438491,8501.360412643471,4158.8011356311945,3211.536869741817,16387.347122507254,13409.099419517914,6554.732053570593,5060.459377540003
175,842992594,2023-09-30,HEL,NRT,AY73,7831.487310198503,12061.542059828049,48.0415325,42.91400618876394,1.5401342787239127,1.5401342787239127,0.8932688853912797,1.5735567516994144,1.5735567516994144,1.0539270178728963,6795.4124237874485,5561.152847838074,2723.4081369796704,2103.854505917562,11160.375015886912,9132.485877737634,4466.91308143758,3449.304623084584,9948.710446426452,8141.123957269986,3982.9356994315,3075.8227884639596
78,843425707,2023-10-02,HEL,NRT,AY73,7831.487310198503,12047.048666767198,48.0415325,42.80715160564548,1.538283622202772,1.538283622202772,0.8910446727661212,1.617269490758987,1.617269490758987,1.287838436417394,6795.4124237874485,5561.152847838074,2723.4081369796704,2103.854505917562,16027.692241671315,13114.8363351976,6411.074450600328,4949.599847509606,9931.475452075621,8127.022598255669,3976.0514943015937,3070.510297307525
82,843656707,2023-10-03,HEL,NRT,AY73,7831.487310198503,11993.968087828362,48.0415325,43.00271451920261,1.531505780799682,1.531505780799682,0.8951153779118642,1.538283622202772,1.538283622202772,0.8910446727661212,6795.4124237874485,5561.152847838074,2723.4081369796704,2103.854505917562,9931.475452075621,8127.022598255669,3976.0514943015937,3070.510297307525,9897.637079426586,8099.336656997368,3962.535371590075,3060.0800034654217
89,844130012,2023-10-05,HEL,NRT,AY73,7831.487310198503,12684.41730267744,48.0415325,61.859154133849,1.6196690105287204,1.6196690105287204,1.287618252682697,1.5348947015012269,1.5348947015012269,0.8930800253389928,6795.4124237874485,5561.152847838074,2723.4081369796704,2103.854505917562,9914.487416971324,8113.1232968067,3969.2659325525474,3065.2739285324787,16044.894754641024,13128.911118536455,6417.945681633115,4954.902326649417
97,844603172,2023-10-07,HEL,NRT,AY73,7831.487310198503,12643.976216124503,48.0415325,62.424149921786736,1.6145051016885348,1.6145051016885348,1.2993788223093576,1.5631528045103913,1.5631528045103913,1.024592767786894,6795.4124237874485,5561.152847838074,2723.4081369796704,2103.854505917562,10806.542105559067,8842.986223833033,4325.580958732764,3340.239649304552,16349.018449104555,13377.739595824793,6539.422361864854,5048.644999516727
103,845027121,2023-10-09,HEL,NRT,AY73,7831.487310198503,12055.384311269596,48.0415325,42.73834943308816,1.539347997866325,1.539347997866325,0.8896125333447296,1.5759908788049273,1.5759908788049273,1.09328928141751,6795.4124237874485,5561.152847838074,2723.4081369796704,2103.854505917562,11639.531363233835,9524.522889203301,4658.303372451721,3596.9991221957816,9935.011003568521,8129.915322204405,3977.4637060626783,3071.600090878489
109,845253176,2023-10-10,HEL,NRT,AY73,7831.487310198503,12077.30680685192,48.0415325,42.72925686974791,1.5421472740081348,1.5421472740081348,0.8894232687050087,1.5686623026172068,1.5686623026172068,1.052553931802954,6795.4124237874485,5561.152847838074,2723.4081369796704,2103.854505917562,11111.438842721574,9092.447190602357,4447.36641681529,3434.2206037992464,9952.601252909255,8144.3073443922785,3984.4898113391187,3077.0220853485735
115,845715224,2023-10-12,HEL,NRT,AY73,7831.487310198503,12870.43263948862,48.0415325,61.81152845351474,1.6434212467826108,1.6434212467826108,1.286626908779705,1.5694350329782794,1.5694350329782794,1.0522296509907314,6795.4124237874485,5561.152847838074,2723.4081369796704,2103.854505917562,11113.539600764154,9094.165992637196,4448.205526419797,3434.8681385936206,16250.018430708507,13296.739580773485,6499.878604516887,5018.129368846354
122,846156105,2023-10-14,HEL,NRT,AY73,7831.487310198503,12683.943981468145,48.0415325,61.80750510986447,1.6196085723015297,1.6196085723015297,1.2865431615834584,1.5918181261748652,1.5918181261748652,1.1305319571642998,6795.4124237874485,5561.152847838074,2723.4081369796704,2103.854505917562,12293.359114373794,10059.47286740872,4919.462979867283,3798.5340966238646,16012.422082480665,13102.34256858707,6404.975063150881,4944.892994463626
128,846561141,2023-10-16,HEL,NRT,AY73,7831.487310198503,12064.24687732208,48.0415325,42.7216502207941,1.540479655966689,1.540479655966689,0.8892649338526847,1.5918060385294273,1.5918060385294273,1.1303169389444518,6795.4124237874485,5561.152847838074,2723.4081369796704,2103.854505917562,12289.882187923275,10056.628109403751,4918.074184813469,3797.46237355602,9941.502928729176,8135.2268973358505,3980.056787533099,3073.6011530373844
132,846811927,2023-10-17,HEL,NRT,AY73,7831.487310198503,12738.32131890612,48.0415325,62.14341191735694,1.6265519963644357,1.6265519963644357,1.2935351701646267,1.5770009493850579,1.5770009493850579,1.0482941612531174,6795.4124237874485,5561.152847838074,2723.4081369796704,2103.854505917562,11126.520224317015,9104.786502816809,4453.39040048665,3438.8692682967035,16291.256020519377,13330.47942698238,6516.350209992481,5030.840387296581
139,847265849,2023-10-19,HEL,NRT,AY73,7831.487310198503,12656.70287501754,48.0415325,62.23482165388263,1.6161301645136337,1.6161301645136337,1.2954378933245445,1.5944417490846798,1.5944417490846798,1.1290786886170967,6795.4124237874485,5561.152847838074,2723.4081369796704,2103.854505917562,12290.739792955263,10057.329786248105,4918.416739550678,3797.726720561619,16244.73797628245,13292.419208970348,6497.769423004662,5016.501728774686
147,847711599,2023-10-21,HEL,NRT,AY73,7831.487310198503,12803.77131783586,48.0415325,61.92306665222559,1.6349092848764797,1.6349092848764797,1.288948612374628,1.6092383271857797,1.6092383271857797,1.210281613541004,6795.4124237874485,5561.152847838074,2723.4081369796704,2103.854505917562,13944.790176074166,11410.643736072661,5579.097091444194,4307.56895513094,16235.626544072442,13284.96440079852,6494.130027070778,5013.693233334953
154,848125078,2023-10-23,HEL,NRT,AY73,7831.487310198503,12110.610073345208,48.0415325,42.81886257559407,1.5463997569879535,1.5463997569879535,0.8912884403842459,1.6075359348045535,1.6075359348045535,1.2107459542599885,6795.4124237874485,5561.152847838074,2723.4081369796704,2103.854505917562,13940.417353234865,11407.065971931414,5577.350446866905,4306.2210821818935,9984.326538126203,8170.264395933416,3997.1618996956613,3086.801044002093
156,848349523,2023-10-24,HEL,NRT,AY73,7831.487310198503,12690.332263587035,48.0415325,62.57260916423109,1.6204242899124837,1.6204242899124837,1.3024690493424849,1.5928941717418383,1.5928941717418383,1.131695010020146,6795.4124237874485,5561.152847838074,2723.4081369796704,2103.854505917562,12320.027387221544,10081.29236337506,4930.115136578629,3806.754288680628,16504.89510801429,13505.275044023674,6601.684459145279,5096.6922082999845
163,848788838,2023-10-26,HEL,NRT,AY73,7831.487310198503,12030.344069711891,48.0415325,42.88898529736108,1.5361506177818174,1.5361506177818174,0.892748067463524,1.6088830985309972,1.6088830985309972,1.214335833118106,6795.4124237874485,5561.152847838074,2723.4081369796704,2103.854505917562,14032.82998769751,11482.676309219034,5614.262993473291,4334.706226611431,9921.779797119847,8119.089789655491,3972.1787412141457,3067.521721845305
171,849248019,2023-10-28,HEL,NRT,AY73,7831.487310198503,12640.341742105784,48.0415325,62.61359209110691,1.6140410169144987,1.6140410169144987,1.3033221221888978,1.5908028228144737,1.5908028228144737,1.1341784125778855,6795.4124237874485,5561.152847838074,2723.4081369796704,2103.854505917562,12343.39535476739,10100.411609548935,4939.449046342681,3813.95719913155,16466.546720391594,13473.899090514193,6586.366892952804,5084.87175359242
176,849635499,2023-10-30,HEL,NRT,AY73,7831.487310198503,12069.282113295663,48.0415325,42.92382150727117,1.5411226035670798,1.5411226035670798,0.8934731944130044,1.5903849932946466,1.5903849932946466,1.135755258350756,6795.4124237874485,5561.152847838074,2723.4081369796704,2103.854505917562,12365.476177438906,10118.477737189265,4948.268829489314,3820.7633618016052,9955.577703224018,8146.742621922539,3985.678700300072,3077.9395423347996
178,849840549,2023-10-31,HEL,NRT,AY73,7831.487310198503,12040.034155445168,48.0415325,43.12078266494002,1.5373879415939438,1.5373879415939438,0.8975730044610883,1.5716276570327667,1.5716276570327667,1.0566601747584314,6795.4124237874485,5561.152847838074,2723.4081369796704,2103.854505917562,11175.571780053844,9144.919593874216,4472.983152579258,3453.988852948539,9941.821866712042,8135.4878465945585,3980.1841815114813,3073.699462046308
88,850269397,2023-11-02,HEL,NRT,AY73,7831.487310198503,11979.30096373847,48.0415325,42.90298966215488,1.5296329406214453,1.5296329406214453,0.8930395728353353,1.5348947015012269,1.5348947015012269,0.8930800253389928,6795.4124237874485,5561.152847838074,2723.4081369796704,2103.854505917562,9914.487416971324,8113.1232968067,3969.2659325525474,3065.2739285324787,9880.482740771515,8085.301289006854,3955.6833829113734,3054.7923735106624
94,850726621,2023-11-04,HEL,NRT,AY73,7831.487310198503,12847.360468519484,48.0415325,61.89131010989815,1.6404751689744923,1.6404751689744923,1.2882875896995614,1.5296329406214453,1.5296329406214453,0.8930395728353353,6795.4124237874485,5561.152847838074,2723.4081369796704,2103.854505917562,9880.482740771515,8085.301289006854,3955.6833829113734,3054.7923735106624,16270.864702172084,13313.795621061867,6508.205268629898,5024.554995135554
102,851118947,2023-11-06,HEL,NRT,AY73,7831.487310198503,12085.603980518292,48.0415325,42.85163477282623,1.5432067373434792,1.5432067373434792,0.891970604243864,1.5850540547979688,1.5850540547979688,1.0906635812674483,6795.4124237874485,5561.152847838074,2723.4081369796704,2103.854505917562,11672.214850908837,9551.263924573754,4671.3581973582695,3607.073435868331,9965.378791043608,8154.76169377493,3989.5935666280106,3080.9606162791906
105,851331709,2023-11-07,HEL,NRT,AY73,7831.487310198503,12044.490594729748,48.0415325,42.94321385671099,1.537956982838354,1.537956982838354,0.8938768524237021,1.5711049489798057,1.5711049489798057,1.0244325889262536,6795.4124237874485,5561.152847838074,2723.4081369796704,2103.854505917562,10859.996992755023,8886.722040629724,4346.932541516149,3356.7165108408058,9936.163022557028,8130.857883195002,3977.923859101838,3071.955187640572
112,851776096,2023-11-09,HEL,NRT,AY73,7831.487310198503,12016.99449240851,48.0415325,42.92834571807981,1.5344460147128705,1.5344460147128705,0.8935673673207615,1.5628179574444427,1.5628179574444427,0.9917936548006157,6795.4124237874485,5561.152847838074,2723.4081369796704,2103.854505917562,10548.094104562995,8631.52876847261,4222.348603789447,3260.575989906615,9912.778144492291,8111.724801142038,3968.5831947384795,3064.7470647143678
116,852143724,2023-11-11,HEL,NRT,AY73,7831.487310198503,2320.6371632066102,48.0415325,51.41848552929493,0.2963213845963302,0.2963213845963302,1.070292366907632,1.557143568898128,1.557143568898128,0.9721483973046448,6795.4124237874485,5561.152847838074,2723.4081369796704,2103.854505917562,10383.87438237737,8497.167177593465,4156.754021575531,3209.957126676103,2154.5716278811733,1764.1012875511212,869.7086599784703,673.3680674066788
125,852597460,2023-11-13,HEL,NRT,AY73,7831.487310198503,12111.797809851636,48.0415325,42.73515276657092,1.5465514186659188,1.5465514186659188,0.8895459936997413,1.3104812576931053,1.3104812576931053,1.007598956119104,6795.4124237874485,5561.152847838074,2723.4081369796704,2103.854505917562,8946.191707745835,7320.881352894936,3582.4978168789576,2766.8077795240533,9981.239199585585,8167.738391672912,3995.928718449039,3085.84940698034
129,852808370,2023-11-14,HEL,NRT,AY73,7831.487310198503,12058.19198020548,48.0415325,42.85601444701752,1.539706508175373,1.539706508175373,0.892061768575295,1.2916965076313907,1.2916965076313907,0.9278506369191402,6795.4124237874485,5561.152847838074,2723.4081369796704,2103.854505917562,8438.29991436222,6905.333521944704,3379.6296744081155,2610.2559057112067,9943.046345472501,8136.489692853116,3980.6732772890964,3074.0768937096873
134,853241291,2023-11-16,HEL,NRT,AY73,7831.487310198503,12030.817342336037,48.0415325,42.84817453770865,1.536211049805186,1.536211049805186,0.891898578333417,1.2909964617977692,1.2909964617977692,0.9278688697854264,6795.4124237874485,5561.152847838074,2723.4081369796704,2103.854505917562,8433.798136184125,6901.6502488899,3377.8315209653883,2608.8682837443785,9920.138990256724,8117.747311312936,3971.523350745523,3067.0159617752793
141,853670021,2023-11-18,HEL,NRT,AY73,7831.487310198503,2384.7233058214024,48.0415325,50.76825526766933,0.3045045227508588,0.3045045227508588,1.0567576142095243,1.2906472751911355,1.2906472751911355,0.9274732149673695,6795.4124237874485,5561.152847838074,2723.4081369796704,2103.854505917562,8430.252513096762,6898.749284545694,3376.4152862890155,2607.775385718871,2184.4143310486284,1788.51804468813,881.6287851641074,682.56674153642
149,854063681,2023-11-20,HEL,NRT,AY73,7831.487310198503,11998.91425812287,48.0415325,42.815894272966965,1.5321373556332476,1.5321373556332476,0.8912266542073145,1.0446589767987333,1.0446589767987333,0.960111264345122,6795.4124237874485,5561.152847838074,2723.4081369796704,2103.854505917562,6928.586656373459,5670.113583590264,2776.602162836469,2144.903949768648,9892.313222985682,8094.980774454809,3960.408853932146,3058.438985215881
151,854275075,2023-11-21,HEL,NRT,AY73,7831.487310198503,11921.317999014354,48.0415325,42.75154838022165,1.5222291152141556,1.5222291152141556,0.8898872736880666,1.2918221710061168,1.2918221710061168,0.9242981218050584,6795.4124237874485,5561.152847838074,2723.4081369796704,2103.854505917562,8427.900699306305,6896.825073262592,3375.4758970306675,2607.050465843118,9825.410063344472,8040.241825657456,3933.6856032345486,3037.816846519656
159,854677309,2023-11-23,HEL,NRT,AY73,7831.487310198503,12107.436902075931,48.0415325,42.81420355450133,1.5459945758079825,1.5459945758079825,0.8911914613569276,1.2869577103157641,1.2869577103157641,0.9243663778027236,6795.4124237874485,5561.152847838074,2723.4081369796704,2103.854505917562,8396.463688260072,6871.103882406584,3362.9189545502686,2597.3603644268796,9981.48744917162,8167.9415049705785,3996.027877232552,3085.9259270942175
164,855036229,2023-11-25,HEL,NRT,AY73,7831.487310198503,2370.410509276576,48.0415325,50.475128129292926,0.3026769265385547,0.3026769265385547,1.0506560782442342,1.288215323842286,1.288215323842286,0.92419231635905,6795.4124237874485,5561.152847838074,2723.4081369796704,2103.854505917562,8404.108764151597,6877.358944499649,3365.972641113759,2599.716872194579,2159.1540330151474,1767.8505281152816,871.5390183927794,674.7805417164408
172,855434520,2023-11-27,HEL,NRT,AY73,7831.487310198503,12023.780403010143,48.0415325,42.96050623277762,1.535312505372033,1.535312505372033,0.8942367988110624,1.0415084991889598,1.0415084991889598,0.9559438163412135,6795.4124237874485,5561.152847838074,2723.4081369796704,2103.854505917562,6893.13718315357,5641.1094691376275,2762.4425152946606,2133.97705248354,9920.002190227755,8117.635384016506,3971.4687084612237,3066.973794720895
173,855672246,2023-11-28,HEL,NRT,AY73,7831.487310198503,12083.77286406358,48.0415325,43.16765300039895,1.542972922694718,1.542972922694718,0.8985486256167816,1.2876700957131946,1.2876700957131946,0.9234396532615211,6795.4124237874485,5561.152847838074,2723.4081369796704,2103.854505917562,8398.253047314493,6872.56790345111,3363.6336814907568,2597.911914021779,9980.412799576306,8167.062246210775,3995.5986279907875,3085.5946785683886
179,856187854,2023-11-30,HEL,NRT,AY73,7831.487310198503,12821.08207168817,48.0415325,62.45871681802109,1.637119689256471,1.637119689256471,1.3000983434077813,1.2898372091254888,1.2898372091254888,0.9249040475434145,6795.4124237874485,5561.152847838074,2723.4081369796704,2103.854505917562,8416.865403427413,6887.7961948162265,3371.0680487335885,2603.64896128954,16600.191729979473,13583.245007449732,6639.748962123416,5126.066309104593
91,856655248,2023-12-02,HEL,NRT,AY73,7831.487310198503,12713.39447960807,48.0415325,62.17238928891729,1.6233690965766026,1.6233690965766026,1.2941383435034526,1.5296329406214453,1.5296329406214453,0.8930395728353353,6795.4124237874485,5561.152847838074,2723.4081369796704,2103.854505917562,9880.482740771515,8085.301289006854,3955.6833829113734,3054.7923735106624,16277.760425305814,13319.437576353097,6510.95963985888,5026.680523431036
96,857057041,2023-12-04,HEL,NRT,AY73,7831.487310198503,12797.859082726864,48.0415325,62.860434906210834,1.6341543535492853,1.6341543535492853,1.308460235031237,1.6233690965766026,1.6233690965766026,1.2941383435034526,6795.4124237874485,5561.152847838074,2723.4081369796704,2103.854505917562,16277.760425305814,13319.437576353097,6510.95963985888,5026.680523431036,16835.127149383305,13775.464896052865,6733.589643851197,5198.482482415149
99,857269380,2023-12-05,HEL,NRT,AY73,7831.487310198503,12802.96154690942,48.0415325,62.646213504262825,1.6348058854972345,1.6348058854972345,1.304001147429317,1.6287617250629438,1.6287617250629438,1.301299289267345,6795.4124237874485,5561.152847838074,2723.4081369796704,2103.854505917562,16553.04399280117,13544.669586122025,6620.916655739127,5111.533554889121,16699.569523046594,13664.554110868281,6679.443614695111,5156.698384524429
106,857791933,2023-12-07,HEL,NRT,AY73,7831.487310198503,12769.961128680265,48.0415325,62.63163082106357,1.630592073111153,1.630592073111153,1.3036976041732968,1.6307764452077074,1.6307764452077074,1.302199908654669,6795.4124237874485,5561.152847838074,2723.4081369796704,2103.854505917562,16601.731469173712,13584.504794063198,6640.363982949297,5126.5409162141805,16647.00233810031,13621.544595912232,6658.446608435319,5140.4951471191125
113,858276813,2023-12-09,HEL,NRT,AY73,7831.487310198503,12696.31556189706,48.0415325,62.91423272388306,1.621188295276092,1.621188295276092,1.309580053964412,1.6307303521835688,1.6307303521835688,1.3025743325343258,6795.4124237874485,5561.152847838074,2723.4081369796704,2103.854505917562,16613.028298070833,13593.747654069935,6644.876295855363,5130.023035348662,16737.49092367658,13695.58071138373,6694.590628696751,5168.3872253436175
120,858689921,2023-12-11,HEL,NRT,AY73,7831.487310198503,12090.16263089578,48.0415325,42.98889243540775,1.5437888298882187,1.5437888298882187,0.8948276667778603,1.6288219408020734,1.6288219408020734,1.303975476820343,6795.4124237874485,5561.152847838074,2723.4081369796704,2103.854505917562,16637.71941843411,13613.949479821706,6654.738714955014,5137.63379261973,9976.109646733492,8163.541484793926,3993.8798118268683,3084.2682806040557
124,858939001,2023-12-12,HEL,NRT,AY73,7831.487310198503,12079.03686964948,48.0415325,43.14842697814934,1.542368185149152,1.542368185149152,0.898148429760215,1.6129058874643967,1.6129058874643967,1.2241133414752245,6795.4124237874485,5561.152847838074,2723.4081369796704,2103.854505917562,14294.081068870366,11696.427193815005,5718.614987828129,4415.233903620677,9975.456222613306,8163.006865059231,3993.618813442499,3084.066870044283
130,859431254,2023-12-14,HEL,NRT,AY73,7831.487310198503,11999.210617680816,48.0415325,42.90035256793508,1.5321751976862583,1.5321751976862583,0.8929846808682691,1.59454865378437,1.59454865378437,1.1420509804210202,6795.4124237874485,5561.152847838074,2723.4081369796704,2103.854505917562,12500.967198609633,10229.334027238041,5002.38825442285,3862.5269294067866,9896.732824510003,8098.596812065617,3962.1741834046447,3059.801277163008
137,859929511,2023-12-16,HEL,NRT,AY73,7831.487310198503,12038.45574636066,48.0415325,42.752457190643405,1.5371863950649145,1.5371863950649145,0.8899061908702309,1.5740225162221748,1.5740225162221748,1.0598476871088107,6795.4124237874485,5561.152847838074,2723.4081369796704,2103.854505917562,11226.839448642046,9186.865868173652,4493.461090657387,3469.791529203709,9921.766338393896,8119.0787779706225,3972.1733653707684,3067.51757334597
143,860354334,2023-12-18,HEL,NRT,AY73,7831.487310198503,12714.302903374246,48.0415325,62.35349782097284,1.6234850929040168,1.6234850929040168,1.2979081760344102,1.555341380612927,1.555341380612927,0.9770894044481974,6795.4124237874485,5561.152847838074,2723.4081369796704,2103.854505917562,10401.723994430902,8511.771405637262,4163.883724571913,3215.4590667551042,16394.384038482476,13414.856896224916,6557.542821712968,5062.628426924411
148,860586954,2023-12-19,HEL,NRT,AY73,7831.487310198503,12686.741363089275,48.0415325,61.76793826722295,1.6199657690267912,1.6199657690267912,1.285719564987294,1.555800740138512,1.555800740138512,0.9747550288621971,6795.4124237874485,5561.152847838074,2723.4081369796704,2103.854505917562,10390.537118221355,8502.61850692036,4159.415330267759,3212.0108392871043,15991.60313915323,13085.308887682806,6396.65931476498,4938.475791761844
155,861106723,2023-12-21,HEL,NRT,AY73,7831.487310198503,12086.7711802429,48.0415325,42.92490947989749,1.5433557766866304,1.5433557766866304,0.893495840914265,1.5710361279662266,1.5710361279662266,1.0529334085040838,6795.4124237874485,5561.152847838074,2723.4081369796704,2103.854505917562,11132.163434498678,9109.403674783625,4455.6444781898945,3440.6087237078136,9970.025254969782,8158.563346078162,3991.449512162158,3082.3928359837073
161,861544792,2023-12-23,HEL,NRT,AY73,7831.487310198503,12075.306303955913,48.0415325,42.83264594890999,1.541891830461236,1.541891830461236,0.8915753457471404,1.5712336462737224,1.5712336462737224,1.052002890734894,6795.4124237874485,5561.152847838074,2723.4081369796704,2103.854505917562,11123.8997651465,9102.642490768205,4452.343705715699,3438.0615415353377,9955.967944243497,8147.061910029384,3985.8345749800114,3078.0598296944972
169,862036562,2023-12-26,HEL,NRT,AY73,7831.487310198503,12015.337259558302,48.0415325,42.97883511779448,1.5342344032035151,1.5342344032035151,0.8946183204666603,1.5731769728287177,1.5731769728287177,1.051721023710668,6795.4124237874485,5561.152847838074,2723.4081369796704,2103.854505917562,11134.709397170405,9111.4867351514,4456.661416688885,3441.3934877699794,9913.994357131356,8112.719884210361,3969.068988764197,3065.1219484397616
174,862484946,2023-12-28,HEL,NRT,AY73,7831.487310198503,12662.505278486236,48.0415325,61.95266975040257,1.6168710714753467,1.6168710714753467,1.2895648104148751,1.5598619448445432,1.5598619448445432,0.9913522680288398,6795.4124237874485,5561.152847838074,2723.4081369796704,2103.854505917562,10525.136138485606,8612.744978045657,4213.1784616574,3253.4994577492384,16075.128705970066,13153.647987805667,6430.022083783295,4964.221598578965
180,862936190,2023-12-30,HEL,NRT,AY73,7831.487310198503,12009.163057179803,48.0415325,42.93413810591948,1.533446021363139,1.533446021363139,0.893687937742608,1.559088270456682,1.559088270456682,0.9923135793857352,6795.4124237874485,5561.152847838074,2723.4081369796704,2103.854505917562,10526.582031835103,8613.927981695244,4213.755997466886,3253.9451379436146,9906.627002982283,8106.692048997482,3966.1262331012426,3062.851045243242
