flight_id,date,origin,destination,airline_code,GCD,actual_distance,TIM,TIM_actual_distance
785506020,20230111,BKK,CPH,TG950,8639.395948887284,9846.625936244407,"[2531.2731012046825, 2025.0184809637462, 759.3819303614048, 506.25462024093656]","[2896.211004073504, 2316.968803258803, 868.8633012220511, 579.2422008147007]"
792443713,20230217,BKK,CPH,TG950,8639.395948887284,9589.049741125395,"[2531.2731012046825, 2025.0184809637462, 759.3819303614048, 506.25462024093656]","[2824.304221698083, 2259.4433773584665, 847.291266509425, 564.8608443396166]"
785695333,20230112,BKK,CPH,TG950,8639.395948887284,9913.93711388581,"[2531.2731012046825, 2025.0184809637462, 759.3819303614048, 506.25462024093656]","[2915.002065878952, 2332.0016527031617, 874.5006197636856, 583.0004131757904]"
792644308,20230218,BKK,CPH,TG950,8639.395948887284,9647.21947964105,"[2531.2731012046825, 2025.0184809637462, 759.3819303614048, 506.25462024093656]","[2840.5432950579007, 2272.4346360463205, 852.1629885173702, 568.1086590115801]"
807678221,20230503,BKK,CPH,TG950,8639.395948887284,9714.018896460093,"[2531.2731012046825, 2025.0184809637462, 759.3819303614048, 506.25462024093656]","[2859.191490112543, 2287.353192090034, 857.7574470337629, 571.8382980225085]"
785857066,20230113,BKK,CPH,TG950,8639.395948887284,9613.106425104912,"[2531.2731012046825, 2025.0184809637462, 759.3819303614048, 506.25462024093656]","[2831.0200548083208, 2264.816043846657, 849.3060164424963, 566.2040109616643]"
800057722,20230328,BKK,CPH,TG950,8639.395948887284,9701.971904523241,"[2531.2731012046825, 2025.0184809637462, 759.3819303614048, 506.25462024093656]","[2855.828367107013, 2284.6626936856105, 856.7485101321039, 571.1656734214026]"
792832112,20230219,BKK,CPH,TG950,8639.395948887284,9651.174857973387,"[2531.2731012046825, 2025.0184809637462, 759.3819303614048, 506.25462024093656]","[2841.647506294597, 2273.3180050356773, 852.4942518883789, 568.3295012589193]"
807918318,20230504,BKK,CPH,TG950,8639.395948887284,9672.867089842668,"[2531.2731012046825, 2025.0184809637462, 759.3819303614048, 506.25462024093656]","[2847.7032623225978, 2278.162609858078, 854.3109786967793, 569.5406524645196]"
786057173,20230114,BKK,CPH,TG950,8639.395948887284,9821.367115479481,"[2531.2731012046825, 2025.0184809637462, 759.3819303614048, 506.25462024093656]","[2889.1595740026305, 2311.3276592021043, 866.7478722007892, 577.8319148005261]"
793023309,20230220,BKK,CPH,TG950,8639.395948887284,9670.16210941245,"[2531.2731012046825, 2025.0184809637462, 759.3819303614048, 506.25462024093656]","[2846.9481209593378, 2277.5584967674704, 854.0844362878013, 569.3896241918676]"
800524130,20230330,BKK,CPH,TG950,8639.395948887284,9651.64498379117,"[2531.2731012046825, 2025.0184809637462, 759.3819303614048, 506.25462024093656]","[2841.778749924672, 2273.4229999397376, 852.5336249774015, 568.3557499849344]"
808125425,20230505,BKK,CPH,TG950,8639.395948887284,9666.47591200845,"[2531.2731012046825, 2025.0184809637462, 759.3819303614048, 506.25462024093656]","[2845.919056163969, 2276.735244931175, 853.7757168491906, 569.1838112327938]"
786217467,20230115,BKK,CPH,TG950,8639.395948887284,9868.338709836104,"[2531.2731012046825, 2025.0184809637462, 759.3819303614048, 506.25462024093656]","[2902.272494673221, 2321.817995738577, 870.6817484019664, 580.4544989346442]"
793227998,20230221,BKK,CPH,TG950,8639.395948887284,9637.56553903554,"[2531.2731012046825, 2025.0184809637462, 759.3819303614048, 506.25462024093656]","[2837.8482330943334, 2270.2785864754665, 851.3544699282999, 567.5696466188666]"
814802215,20230603,BKK,CPH,TG950,8639.395948887284,9627.76768855356,"[2531.2731012046825, 2025.0184809637462, 759.3819303614048, 506.25462024093656]","[2835.112996237414, 2268.0903969899314, 850.5338988712242, 567.0225992474828]"
808372585,20230506,BKK,CPH,TG950,8639.395948887284,9661.247688058338,"[2531.2731012046825, 2025.0184809637462, 759.3819303614048, 506.25462024093656]","[2844.4595083916406, 2275.567606713312, 853.337852517492, 568.891901678328]"
793405404,20230222,BKK,CPH,TG950,8639.395948887284,9681.557915302905,"[2531.2731012046825, 2025.0184809637462, 759.3819303614048, 506.25462024093656]","[2850.1294542878263, 2280.1035634302616, 855.038836286348, 570.0258908575654]"
800905418,20230401,BKK,CPH,TG950,8639.395948887284,9822.175497982518,"[2531.2731012046825, 2025.0184809637462, 759.3819303614048, 506.25462024093656]","[2889.3852477482, 2311.50819819856, 866.81557432446, 577.87704954964]"
815011280,20230604,BKK,CPH,TG950,8639.395948887284,9661.89699790288,"[2531.2731012046825, 2025.0184809637462, 759.3819303614048, 506.25462024093656]","[2844.640774294975, 2275.7126194359803, 853.3922322884926, 568.9281548589951]"
793581690,20230223,BKK,CPH,TG950,8639.395948887284,9623.878664442982,"[2531.2731012046825, 2025.0184809637462, 759.3819303614048, 506.25462024093656]","[2834.0273089119883, 2267.2218471295905, 850.2081926735965, 566.8054617823976]"
808567646,20230507,BKK,CPH,TG950,8639.395948887284,9655.510481485608,"[2531.2731012046825, 2025.0184809637462, 759.3819303614048, 506.25462024093656]","[2842.857869450287, 2274.2862955602295, 852.8573608350861, 568.5715738900574]"
786742203,20230118,BKK,CPH,TG950,8639.395948887284,9829.688070186383,"[2531.2731012046825, 2025.0184809637462, 759.3819303614048, 506.25462024093656]","[2891.482510246752, 2313.1860081974014, 867.4447530740256, 578.2965020493504]"
801085797,20230402,BKK,CPH,TG950,8639.395948887284,9803.591601845805,"[2531.2731012046825, 2025.0184809637462, 759.3819303614048, 506.25462024093656]","[2884.1972365867937, 2307.3577892694348, 865.2591709760379, 576.8394473173587]"
815201292,20230605,BKK,CPH,TG950,8639.395948887284,9666.143142639887,"[2531.2731012046825, 2025.0184809637462, 759.3819303614048, 506.25462024093656]","[2845.8261579263985, 2276.6609263411187, 853.7478473779195, 569.1652315852797]"
793783964,20230224,BKK,CPH,TG950,8639.395948887284,9648.245163496662,"[2531.2731012046825, 2025.0184809637462, 759.3819303614048, 506.25462024093656]","[2840.829632177514, 2272.6637057420116, 852.2488896532544, 568.1659264355029]"
786931747,20230119,BKK,CPH,TG950,8639.395948887284,9824.286237850705,"[2531.2731012046825, 2025.0184809637462, 759.3819303614048, 506.25462024093656]","[2889.9744967363786, 2311.9795973891028, 866.9923490209135, 577.9948993472757]"
808752997,20230508,BKK,CPH,TG950,8639.395948887284,9631.80363468566,"[2531.2731012046825, 2025.0184809637462, 759.3819303614048, 506.25462024093656]","[2836.2396993477914, 2268.9917594782332, 850.8719098043375, 567.2479398695583]"
801282952,20230403,BKK,CPH,TG950,8639.395948887284,9894.40484809147,"[2531.2731012046825, 2025.0184809637462, 759.3819303614048, 506.25462024093656]","[2909.5493011732556, 2327.639440938605, 872.8647903519767, 581.9098602346512]"
793970566,20230225,BKK,CPH,TG950,8639.395948887284,9641.225291557404,"[2531.2731012046825, 2025.0184809637462, 759.3819303614048, 506.25462024093656]","[2838.869915350397, 2271.095932280318, 851.6609746051192, 567.7739830700795]"
815473508,20230606,BKK,CPH,TG950,8639.395948887284,9670.310930143032,"[2531.2731012046825, 2025.0184809637462, 759.3819303614048, 506.25462024093656]","[2846.989666801266, 2277.591733441013, 854.0969000403799, 569.3979333602532]"
801489827,20230404,BKK,CPH,TG950,8639.395948887284,9651.394892058299,"[2531.2731012046825, 2025.0184809637462, 759.3819303614048, 506.25462024093656]","[2841.7089325574225, 2273.3671460459377, 852.5126797672266, 568.3417865114844]"
808998050,20230509,BKK,CPH,TG950,8639.395948887284,9654.151421297993,"[2531.2731012046825, 2025.0184809637462, 759.3819303614048, 506.25462024093656]","[2842.4784646489206, 2273.9827717191365, 852.7435393946762, 568.4956929297841]"
787136648,20230120,BKK,CPH,TG950,8639.395948887284,9723.184641536114,"[2531.2731012046825, 2025.0184809637462, 759.3819303614048, 506.25462024093656]","[2861.750263978216, 2289.4002111825725, 858.5250791934648, 572.3500527956431]"
815707502,20230607,BKK,CPH,TG950,8639.395948887284,9650.784479581764,"[2531.2731012046825, 2025.0184809637462, 759.3819303614048, 506.25462024093656]","[2841.5385255169376, 2273.23082041355, 852.4615576550814, 568.3077051033875]"
801698747,20230405,BKK,CPH,TG950,8639.395948887284,9652.308523724254,"[2531.2731012046825, 2025.0184809637462, 759.3819303614048, 506.25462024093656]","[2841.963988399616, 2273.571190719693, 852.5891965198848, 568.3927976799232]"
809224885,20230510,BKK,CPH,TG950,8639.395948887284,9728.778390763036,"[2531.2731012046825, 2025.0184809637462, 759.3819303614048, 506.25462024093656]","[2863.3118543578594, 2290.649483486288, 858.993556307358, 572.662370871572]"
794158710,20230226,BKK,CPH,TG950,8639.395948887284,9651.711646110607,"[2531.2731012046825, 2025.0184809637462, 759.3819303614048, 506.25462024093656]","[2841.7973598466574, 2273.4378878773255, 852.5392079539971, 568.3594719693314]"
787324304,20230121,BKK,CPH,TG950,8639.395948887284,9628.407078445925,"[2531.2731012046825, 2025.0184809637462, 759.3819303614048, 506.25462024093656]","[2835.291492817123, 2268.2331942536985, 850.5874478451369, 567.0582985634246]"
787456879,20230122,BKK,CPH,TG950,8639.395948887284,9733.432825188935,"[2531.2731012046825, 2025.0184809637462, 759.3819303614048, 506.25462024093656]","[2864.611219010672, 2291.6889752085376, 859.3833657032015, 572.9222438021344]"
801914772,20230406,BKK,CPH,TG950,8639.395948887284,9652.70656923146,"[2531.2731012046825, 2025.0184809637462, 759.3819303614048, 506.25462024093656]","[2842.0751095831897, 2273.660087666552, 852.622532874957, 568.415021916638]"
794326022,20230227,BKK,CPH,TG950,8639.395948887284,9672.797570301253,"[2531.2731012046825, 2025.0184809637462, 759.3819303614048, 506.25462024093656]","[2847.6838547584275, 2278.147083806742, 854.3051564275283, 569.5367709516855]"
815947828,20230608,BKK,CPH,TG950,8639.395948887284,9677.691385302995,"[2531.2731012046825, 2025.0184809637462, 759.3819303614048, 506.25462024093656]","[2849.0500465765545, 2279.2400372612437, 854.7150139729663, 569.8100093153109]"
809464361,20230511,BKK,CPH,TG950,8639.395948887284,9642.110786192203,"[2531.2731012046825, 2025.0184809637462, 759.3819303614048, 506.25462024093656]","[2839.117116261063, 2271.2936930088504, 851.7351348783188, 567.8234232522126]"
787637260,20230123,BKK,CPH,TG950,8639.395948887284,9661.113042115858,"[2531.2731012046825, 2025.0184809637462, 759.3819303614048, 506.25462024093656]","[2844.4219196832614, 2275.537535746609, 853.3265759049785, 568.8843839366523]"
794536430,20230228,BKK,CPH,TG950,8639.395948887284,9643.899667971762,"[2531.2731012046825, 2025.0184809637462, 759.3819303614048, 506.25462024093656]","[2839.616513081326, 2271.693210465061, 851.8849539243978, 567.9233026162652]"
816195572,20230609,BKK,CPH,TG950,8639.395948887284,9644.73723240471,"[2531.2731012046825, 2025.0184809637462, 759.3819303614048, 506.25462024093656]","[2839.8503334597103, 2271.8802667677683, 851.955100037913, 567.9700666919421]"
802334815,20230408,BKK,CPH,TG950,8639.395948887284,9720.51752788771,"[2531.2731012046825, 2025.0184809637462, 759.3819303614048, 506.25462024093656]","[2861.005693772116, 2288.8045550176926, 858.3017081316347, 572.2011387544231]"
794743343,20230301,BKK,CPH,TG950,8639.395948887284,9644.50292311461,"[2531.2731012046825, 2025.0184809637462, 759.3819303614048, 506.25462024093656]","[2839.784922030195, 2271.827937624156, 851.9354766090585, 567.956984406039]"
787822230,20230124,BKK,CPH,TG950,8639.395948887284,9652.790656794725,"[2531.2731012046825, 2025.0184809637462, 759.3819303614048, 506.25462024093656]","[2842.0985840588082, 2273.678867247046, 852.6295752176424, 568.4197168117615]"
816440742,20230610,BKK,CPH,TG950,8639.395948887284,9660.536913521117,"[2531.2731012046825, 2025.0184809637462, 759.3819303614048, 506.25462024093656]","[2844.2610835723654, 2275.4088668578925, 853.2783250717096, 568.8522167144731]"
788003145,20230125,BKK,CPH,TG950,8639.395948887284,9591.909426563998,"[2531.2731012046825, 2025.0184809637462, 759.3819303614048, 506.25462024093656]","[2825.102551599651, 2260.082041279721, 847.5307654798954, 565.0205103199303]"
794948728,20230302,BKK,CPH,TG950,8639.395948887284,9801.57460157033,"[2531.2731012046825, 2025.0184809637462, 759.3819303614048, 506.25462024093656]","[2883.634156602664, 2306.907325282131, 865.0902469807992, 576.7268313205327]"
802515921,20230409,BKK,CPH,TG950,8639.395948887284,9641.900124195628,"[2531.2731012046825, 2025.0184809637462, 759.3819303614048, 506.25462024093656]","[2839.0583063763393, 2271.2466451010714, 851.7174919129018, 567.8116612752679]"
809920295,20230513,BKK,CPH,TG950,8639.395948887284,9728.543385718542,"[2531.2731012046825, 2025.0184809637462, 759.3819303614048, 506.25462024093656]","[2863.2462486966538, 2290.5969989573227, 858.9738746089961, 572.6492497393307]"
795149485,20230303,BKK,CPH,TG950,8639.395948887284,9687.503831498454,"[2531.2731012046825, 2025.0184809637462, 759.3819303614048, 506.25462024093656]","[2851.789358075513, 2281.4314864604107, 855.536807422654, 570.3578716151027]"
816652057,20230611,BKK,CPH,TG950,8639.395948887284,9661.777801706305,"[2531.2731012046825, 2025.0184809637462, 759.3819303614048, 506.25462024093656]","[2844.607498646333, 2275.6859989170666, 853.3822495939, 568.9214997292667]"
810113189,20230514,BKK,CPH,TG950,8639.395948887284,9676.874173461198,"[2531.2731012046825, 2025.0184809637462, 759.3819303614048, 506.25462024093656]","[2848.8219079706737, 2279.057526376539, 854.6465723912021, 569.7643815941348]"
788388759,20230127,BKK,CPH,TG950,8639.395948887284,9613.133299262128,"[2531.2731012046825, 2025.0184809637462, 759.3819303614048, 506.25462024093656]","[2831.027557187078, 2264.8220457496623, 849.3082671561234, 566.2055114374156]"
810318510,20230515,BKK,CPH,TG950,8639.395948887284,9738.705444200012,"[2531.2731012046825, 2025.0184809637462, 759.3819303614048, 506.25462024093656]","[2866.083160420487, 2292.8665283363894, 859.8249481261461, 573.2166320840973]"
788582308,20230128,BKK,CPH,TG950,8639.395948887284,9627.960262125225,"[2531.2731012046825, 2025.0184809637462, 759.3819303614048, 506.25462024093656]","[2835.166756430209, 2268.133405144167, 850.5500269290627, 567.0333512860418]"
795722735,20230306,BKK,CPH,TG950,8639.395948887284,9626.072630669138,"[2531.2731012046825, 2025.0184809637462, 759.3819303614048, 506.25462024093656]","[2834.6397919556575, 2267.711833564526, 850.3919375866972, 566.9279583911315]"
817073599,20230613,BKK,CPH,TG950,8639.395948887284,9654.358595651693,"[2531.2731012046825, 2025.0184809637462, 759.3819303614048, 506.25462024093656]","[2842.536300898728, 2274.0290407189823, 852.7608902696184, 568.5072601797456]"
795903812,20230307,BKK,CPH,TG950,8639.395948887284,9622.510107476719,"[2531.2731012046825, 2025.0184809637462, 759.3819303614048, 506.25462024093656]","[2833.645252923095, 2266.916202338476, 850.0935758769286, 566.729050584619]"
788753873,20230129,BKK,CPH,TG950,8639.395948887284,9681.455347904028,"[2531.2731012046825, 2025.0184809637462, 759.3819303614048, 506.25462024093656]","[2850.100820851315, 2280.080656681052, 855.0302462553946, 570.020164170263]"
810518499,20230516,BKK,CPH,TG950,8639.395948887284,9715.339505216896,"[2531.2731012046825, 2025.0184809637462, 759.3819303614048, 506.25462024093656]","[2859.560160542024, 2287.648128433619, 857.8680481626071, 571.9120321084048]"
803602699,20230414,BKK,CPH,TG950,8639.395948887284,9625.595655898838,"[2531.2731012046825, 2025.0184809637462, 759.3819303614048, 506.25462024093656]","[2834.506636323823, 2267.605309059058, 850.3519908971467, 566.9013272647645]"
788902435,20230130,BKK,CPH,TG950,8639.395948887284,9736.163789591103,"[2531.2731012046825, 2025.0184809637462, 759.3819303614048, 506.25462024093656]","[2865.3736142423086, 2292.298891393847, 859.6120842726926, 573.0747228484618]"
817343258,20230614,BKK,CPH,TG950,8639.395948887284,9630.493953551731,"[2531.2731012046825, 2025.0184809637462, 759.3819303614048, 506.25462024093656]","[2835.8740795503754, 2268.6992636403006, 850.7622238651127, 567.1748159100752]"
810784606,20230517,BKK,CPH,TG950,8639.395948887284,9627.506426271588,"[2531.2731012046825, 2025.0184809637462, 759.3819303614048, 506.25462024093656]","[2835.040060421105, 2268.032048336884, 850.5120181263316, 567.008012084221]"
796324278,20230309,BKK,CPH,TG950,8639.395948887284,9637.706827013983,"[2531.2731012046825, 2025.0184809637462, 759.3819303614048, 506.25462024093656]","[2837.8876760401904, 2270.3101408321522, 851.366302812057, 567.5775352080381]"
789094598,20230131,BKK,CPH,TG950,8639.395948887284,9658.752359932565,"[2531.2731012046825, 2025.0184809637462, 759.3819303614048, 506.25462024093656]","[2843.762895040347, 2275.0103160322774, 853.1288685121041, 568.7525790080693]"
817591748,20230615,BKK,CPH,TG950,8639.395948887284,9606.315942072162,"[2531.2731012046825, 2025.0184809637462, 759.3819303614048, 506.25462024093656]","[2829.1243758018263, 2263.299500641461, 848.7373127405478, 565.8248751603652]"
804006945,20230416,BKK,CPH,TG950,8639.395948887284,9642.884664987942,"[2531.2731012046825, 2025.0184809637462, 759.3819303614048, 506.25462024093656]","[2839.3331577090094, 2271.4665261672076, 851.7999473127029, 567.8666315418019]"
796526586,20230310,BKK,CPH,TG950,8639.395948887284,9619.03597670287,"[2531.2731012046825, 2025.0184809637462, 759.3819303614048, 506.25462024093656]","[2832.6753901398383, 2266.1403121118706, 849.8026170419516, 566.5350780279676]"
811005719,20230518,BKK,CPH,TG950,8639.395948887284,9648.443121960947,"[2531.2731012046825, 2025.0184809637462, 759.3819303614048, 506.25462024093656]","[2840.88489565481, 2272.707916523848, 852.2654686964429, 568.176979130962]"
804209034,20230417,BKK,CPH,TG950,8639.395948887284,9624.84228119054,"[2531.2731012046825, 2025.0184809637462, 759.3819303614048, 506.25462024093656]","[2834.296318941148, 2267.437055152918, 850.2888956823444, 566.8592637882296]"
817841365,20230616,BKK,CPH,TG950,8639.395948887284,9618.339162917382,"[2531.2731012046825, 2025.0184809637462, 759.3819303614048, 506.25462024093656]","[2832.480862702215, 2265.984690161772, 849.7442588106644, 566.496172540443]"
789469053,20230202,BKK,CPH,TG950,8639.395948887284,9661.601163987367,"[2531.2731012046825, 2025.0184809637462, 759.3819303614048, 506.25462024093656]","[2844.5581872182756, 2275.6465497746203, 853.3674561654827, 568.9116374436551]"
796712009,20230311,BKK,CPH,TG950,8639.395948887284,9610.328428417835,"[2531.2731012046825, 2025.0184809637462, 759.3819303614048, 506.25462024093656]","[2830.2445297132126, 2264.1956237705704, 849.0733589139637, 566.0489059426426]"
804428486,20230418,BKK,CPH,TG950,8639.395948887284,9644.830351269104,"[2531.2731012046825, 2025.0184809637462, 759.3819303614048, 506.25462024093656]","[2839.8763291768764, 2271.901063341501, 851.9628987530627, 567.9752658353752]"
811276169,20230519,BKK,CPH,TG950,8639.395948887284,9637.074296393414,"[2531.2731012046825, 2025.0184809637462, 759.3819303614048, 506.25462024093656]","[2837.711094343042, 2270.1688754744337, 851.3133283029127, 567.5422188686084]"
796896093,20230312,BKK,CPH,TG950,8639.395948887284,9651.502430856875,"[2531.2731012046825, 2025.0184809637462, 759.3819303614048, 506.25462024093656]","[2841.7389538448415, 2273.3911630758735, 852.5216861534525, 568.3477907689684]"
789667781,20230203,BKK,CPH,TG950,8639.395948887284,9819.592163618741,"[2531.2731012046825, 2025.0184809637462, 759.3819303614048, 506.25462024093656]","[2888.6640659564846, 2310.9312527651873, 866.5992197869452, 577.7328131912968]"
818086114,20230617,BKK,CPH,TG950,8639.395948887284,9619.205836873682,"[2531.2731012046825, 2025.0184809637462, 759.3819303614048, 506.25462024093656]","[2832.7228094998886, 2266.178247599911, 849.8168428499666, 566.5445618999778]"
797070585,20230313,BKK,CPH,TG950,8639.395948887284,9624.899032991681,"[2531.2731012046825, 2025.0184809637462, 759.3819303614048, 506.25462024093656]","[2834.312162173137, 2267.4497297385096, 850.2936486519411, 566.8624324346274]"
811498528,20230520,BKK,CPH,TG950,8639.395948887284,9633.798147360543,"[2531.2731012046825, 2025.0184809637462, 759.3819303614048, 506.25462024093656]","[2836.796501535166, 2269.437201228133, 851.0389504605499, 567.3593003070332]"
789855150,20230204,BKK,CPH,TG950,8639.395948887284,9869.782537734707,"[2531.2731012046825, 2025.0184809637462, 759.3819303614048, 506.25462024093656]","[2902.6755638250283, 2322.1404510600228, 870.8026691475085, 580.5351127650057]"
797266210,20230314,BKK,CPH,TG950,8639.395948887284,9617.009738176517,"[2531.2731012046825, 2025.0184809637462, 759.3819303614048, 506.25462024093656]","[2832.1097311406133, 2265.6877849124908, 849.6329193421841, 566.4219462281227]"
790029330,20230205,BKK,CPH,TG950,8639.395948887284,9844.993243353016,"[2531.2731012046825, 2025.0184809637462, 759.3819303614048, 506.25462024093656]","[2895.755210041865, 2316.6041680334924, 868.7265630125596, 579.1510420083731]"
811710395,20230521,BKK,CPH,TG950,8639.395948887284,9639.059226098874,"[2531.2731012046825, 2025.0184809637462, 759.3819303614048, 506.25462024093656]","[2838.2652212812677, 2270.6121770250143, 851.4795663843804, 567.6530442562536]"
797469723,20230315,BKK,CPH,TG950,8639.395948887284,9621.66719087151,"[2531.2731012046825, 2025.0184809637462, 759.3819303614048, 506.25462024093656]","[2833.4099383946573, 2266.727950715726, 850.022981518397, 566.6819876789315]"
805335450,20230422,BKK,CPH,TG950,8639.395948887284,9734.13976716993,"[2531.2731012046825, 2025.0184809637462, 759.3819303614048, 506.25462024093656]","[2864.8085739065937, 2291.846859125275, 859.442572171978, 572.9617147813187]"
797692194,20230316,BKK,CPH,TG950,8639.395948887284,9639.453186754161,"[2531.2731012046825, 2025.0184809637462, 759.3819303614048, 506.25462024093656]","[2838.375202108848, 2270.7001616870784, 851.5125606326544, 567.6750404217696]"
811939784,20230522,BKK,CPH,TG950,8639.395948887284,9801.861981376931,"[2531.2731012046825, 2025.0184809637462, 759.3819303614048, 506.25462024093656]","[2883.714383570854, 2306.971506856683, 865.1143150712562, 576.7428767141707]"
790420625,20230207,BKK,CPH,TG950,8639.395948887284,9873.593271125583,"[2531.2731012046825, 2025.0184809637462, 759.3819303614048, 506.25462024093656]","[2903.7393949624593, 2322.9915159699676, 871.1218184887379, 580.7478789924919]"
819002279,20230621,BKK,CPH,TG950,8639.395948887284,9676.318577637621,"[2531.2731012046825, 2025.0184809637462, 759.3819303614048, 506.25462024093656]","[2848.6668039325996, 2278.9334431460798, 854.60004117978, 569.7333607865199]"
797875985,20230317,BKK,CPH,TG950,8639.395948887284,9726.22400648498,"[2531.2731012046825, 2025.0184809637462, 759.3819303614048, 506.25462024093656]","[2862.598754475704, 2290.079003580563, 858.779626342711, 572.5197508951408]"
790609615,20230208,BKK,CPH,TG950,8639.395948887284,9857.16694038214,"[2531.2731012046825, 2025.0184809637462, 759.3819303614048, 506.25462024093656]","[2899.1537049321755, 2319.322963945741, 869.7461114796528, 579.8307409864352]"
812171448,20230523,BKK,CPH,TG950,8639.395948887284,9632.255797726768,"[2531.2731012046825, 2025.0184809637462, 759.3819303614048, 506.25462024093656]","[2836.365928362783, 2269.0927426902267, 850.909778508835, 567.2731856725567]"
819231774,20230622,BKK,CPH,TG950,8639.395948887284,9676.047298233385,"[2531.2731012046825, 2025.0184809637462, 759.3819303614048, 506.25462024093656]","[2848.591071665981, 2278.8728573327853, 854.5773214997944, 569.7182143331963]"
798099958,20230318,BKK,CPH,TG950,8639.395948887284,9755.816476521839,"[2531.2731012046825, 2025.0184809637462, 759.3819303614048, 506.25462024093656]","[2870.8599965594626, 2296.68799724757, 861.2579989678387, 574.1719993118925]"
790864977,20230209,BKK,CPH,TG950,8639.395948887284,9867.852390284546,"[2531.2731012046825, 2025.0184809637462, 759.3819303614048, 506.25462024093656]","[2902.136730286521, 2321.709384229217, 870.6410190859564, 580.4273460573042]"
819473490,20230623,BKK,CPH,TG950,8639.395948887284,9699.15105950706,"[2531.2731012046825, 2025.0184809637462, 759.3819303614048, 506.25462024093656]","[2855.040880170965, 2284.032704136772, 856.5122640512893, 571.008176034193]"
806409483,20230427,BKK,CPH,TG950,8639.395948887284,9670.529505070923,"[2531.2731012046825, 2025.0184809637462, 759.3819303614048, 506.25462024093656]","[2847.050685715554, 2277.640548572443, 854.1152057146661, 569.4101371431108]"
798484956,20230320,BKK,CPH,TG950,8639.395948887284,9788.165288547094,"[2531.2731012046825, 2025.0184809637462, 759.3819303614048, 506.25462024093656]","[2879.89071846033, 2303.9125747682638, 863.967215538099, 575.9781436920659]"
783739467,20230101,BKK,CPH,TG950,8639.395948887284,9819.96503032642,"[2531.2731012046825, 2025.0184809637462, 759.3819303614048, 506.25462024093656]","[2888.76815804928, 2311.0145264394237, 866.6304474147839, 577.7536316098559]"
819715664,20230624,BKK,CPH,TG950,8639.395948887284,9727.851796993997,"[2531.2731012046825, 2025.0184809637462, 759.3819303614048, 506.25462024093656]","[2863.053179923795, 2290.442543939036, 858.9159539771385, 572.610635984759]"
791258696,20230211,BKK,CPH,TG950,8639.395948887284,9885.395010655922,"[2531.2731012046825, 2025.0184809637462, 759.3819303614048, 506.25462024093656]","[2907.034051581125, 2325.6272412649, 872.1102154743373, 581.406810316225]"
798659903,20230321,BKK,CPH,TG950,8639.395948887284,9645.801859086845,"[2531.2731012046825, 2025.0184809637462, 759.3819303614048, 506.25462024093656]","[2840.147542132693, 2272.1180337061546, 852.0442626398079, 568.0295084265387]"
806636126,20230428,BKK,CPH,TG950,8639.395948887284,9699.373624992448,"[2531.2731012046825, 2025.0184809637462, 759.3819303614048, 506.25462024093656]","[2855.1030131173516, 2284.0824104938815, 856.5309039352055, 571.0206026234704]"
783883113,20230102,BKK,CPH,TG950,8639.395948887284,9638.101378096855,"[2531.2731012046825, 2025.0184809637462, 759.3819303614048, 506.25462024093656]","[2837.9978216956883, 2270.3982573565504, 851.3993465087065, 567.5995643391376]"
812927161,20230526,BKK,CPH,TG950,8639.395948887284,9709.560464883441,"[2531.2731012046825, 2025.0184809637462, 759.3819303614048, 506.25462024093656]","[2857.946842993775, 2286.3574743950203, 857.3840528981326, 571.5893685987551]"
791436050,20230212,BKK,CPH,TG950,8639.395948887284,9661.658031496192,"[2531.2731012046825, 2025.0184809637462, 759.3819303614048, 506.25462024093656]","[2844.574062752036, 2275.6592502016288, 853.3722188256107, 568.9148125504072]"
784074175,20230103,BKK,CPH,TG950,8639.395948887284,9617.537189097966,"[2531.2731012046825, 2025.0184809637462, 759.3819303614048, 506.25462024093656]","[2832.256978049843, 2265.8055824398743, 849.6770934149529, 566.4513956099686]"
819937856,20230625,BKK,CPH,TG950,8639.395948887284,9773.868418875263,"[2531.2731012046825, 2025.0184809637462, 759.3819303614048, 506.25462024093656]","[2875.8995037610557, 2300.719603008845, 862.7698511283168, 575.1799007522112]"
799091121,20230323,BKK,CPH,TG950,8639.395948887284,9859.333144599155,"[2531.2731012046825, 2025.0184809637462, 759.3819303614048, 506.25462024093656]","[2899.7584377381004, 2319.80675019048, 869.9275313214301, 579.95168754762]"
784237108,20230104,BKK,CPH,TG950,8639.395948887284,9592.313987352345,"[2531.2731012046825, 2025.0184809637462, 759.3819303614048, 506.25462024093656]","[2825.215491634937, 2260.1723933079493, 847.564647490481, 565.0430983269873]"
820161906,20230626,BKK,CPH,TG950,8639.395948887284,9655.961172693205,"[2531.2731012046825, 2025.0184809637462, 759.3819303614048, 506.25462024093656]","[2842.9836875778838, 2274.386950062307, 852.895106273365, 568.5967375155767]"
807039657,20230430,BKK,CPH,TG950,8639.395948887284,9697.447681666454,"[2531.2731012046825, 2025.0184809637462, 759.3819303614048, 506.25462024093656]","[2854.5653532317183, 2283.652282585375, 856.3696059695156, 570.9130706463437]"
799264289,20230324,BKK,CPH,TG950,8639.395948887284,9843.033955579314,"[2531.2731012046825, 2025.0184809637462, 759.3819303614048, 506.25462024093656]","[2895.208241485672, 2316.1665931885373, 868.5624724457015, 579.0416482971343]"
784393622,20230105,BKK,CPH,TG950,8639.395948887284,9802.743130542978,"[2531.2731012046825, 2025.0184809637462, 759.3819303614048, 506.25462024093656]","[2883.9603713698975, 2307.168297095918, 865.1881114109692, 576.7920742739796]"
791850283,20230214,BKK,CPH,TG950,8639.395948887284,9683.194689603204,"[2531.2731012046825, 2025.0184809637462, 759.3819303614048, 506.25462024093656]","[2850.586387714283, 2280.4691101714266, 855.175916314285, 570.1172775428566]"
820397855,20230627,BKK,CPH,TG950,8639.395948887284,9666.545070005253,"[2531.2731012046825, 2025.0184809637462, 759.3819303614048, 506.25462024093656]","[2845.938362796801, 2276.7506902374407, 853.7815088390404, 569.1876725593602]"
784598271,20230106,BKK,CPH,TG950,8639.395948887284,9860.81339868398,"[2531.2731012046825, 2025.0184809637462, 759.3819303614048, 506.25462024093656]","[2900.1716758802695, 2320.1373407042156, 870.0515027640809, 580.0343351760539]"
799488511,20230325,BKK,CPH,TG950,8639.395948887284,9602.116001911356,"[2531.2731012046825, 2025.0184809637462, 759.3819303614048, 506.25462024093656]","[2827.95189096489, 2262.3615127719117, 848.3855672894668, 565.5903781929779]"
792046340,20230215,BKK,CPH,TG950,8639.395948887284,9721.8709055331,"[2531.2731012046825, 2025.0184809637462, 759.3819303614048, 506.25462024093656]","[2861.383512195025, 2289.10680975602, 858.4150536585076, 572.276702439005]"
813599246,20230529,BKK,CPH,TG950,8639.395948887284,9647.805492717187,"[2531.2731012046825, 2025.0184809637462, 759.3819303614048, 506.25462024093656]","[2840.7068905901488, 2272.565512472119, 852.2120671770446, 568.1413781180297]"
820608626,20230628,BKK,CPH,TG950,8639.395948887284,9668.18246341788,"[2531.2731012046825, 2025.0184809637462, 759.3819303614048, 506.25462024093656]","[2846.395469059009, 2277.116375247207, 853.9186407177027, 569.2790938118018]"
792245242,20230216,BKK,CPH,TG950,8639.395948887284,9657.169968562186,"[2531.2731012046825, 2025.0184809637462, 759.3819303614048, 506.25462024093656]","[2843.3211435351272, 2274.6569148281014, 852.996343060538, 568.6642287070254]"
799670852,20230326,BKK,CPH,TG950,8639.395948887284,9826.169930463548,"[2531.2731012046825, 2025.0184809637462, 759.3819303614048, 506.25462024093656]","[2890.500361615745, 2312.400289292596, 867.1501084847234, 578.100072323149]"
784792314,20230107,BKK,CPH,TG950,8639.395948887284,9620.688402130136,"[2531.2731012046825, 2025.0184809637462, 759.3819303614048, 506.25462024093656]","[2833.1366928449856, 2266.5093542759887, 849.9410078534956, 566.6273385689972]"
821786595,20230703,BKK,CPH,TG950,8639.395948887284,9683.031631772978,"[2531.2731012046825, 2025.0184809637462, 759.3819303614048, 506.25462024093656]","[2850.540867343477, 2280.4326938747813, 855.162260203043, 570.1081734686953]"
813824738,20230530,BKK,CPH,TG950,8639.395948887284,9634.414883287027,"[2531.2731012046825, 2025.0184809637462, 759.3819303614048, 506.25462024093656]","[2836.968673874416, 2269.5749390995325, 851.0906021623247, 567.3937347748831]"
829035860,20230802,BKK,CPH,TG950,8639.395948887284,9648.585304072682,"[2531.2731012046825, 2025.0184809637462, 759.3819303614048, 506.25462024093656]","[2840.9245882132054, 2272.739670570564, 852.2773764639616, 568.184917642641]"
784956132,20230108,BKK,CPH,TG950,8639.395948887284,9668.873723187613,"[2531.2731012046825, 2025.0184809637462, 759.3819303614048, 506.25462024093656]","[2846.5884459985286, 2277.270756798823, 853.9765337995586, 569.3176891997058]"
821996066,20230704,BKK,CPH,TG950,8639.395948887284,9609.558305398032,"[2531.2731012046825, 2025.0184809637462, 759.3819303614048, 506.25462024093656]","[2830.0295367540944, 2264.023629403275, 849.0088610262283, 566.0059073508188]"
821117646,20230630,BKK,CPH,TG950,8639.395948887284,9612.959148224742,"[2531.2731012046825, 2025.0184809637462, 759.3819303614048, 506.25462024093656]","[2830.9789399585325, 2264.783151966826, 849.2936819875598, 566.1957879917065]"
829283957,20230803,BKK,CPH,TG950,8639.395948887284,9639.539224361435,"[2531.2731012046825, 2025.0184809637462, 759.3819303614048, 506.25462024093656]","[2838.399220972469, 2270.719376777975, 851.5197662917407, 567.6798441944937]"
785135171,20230109,BKK,CPH,TG950,8639.395948887284,9614.71637253774,"[2531.2731012046825, 2025.0184809637462, 759.3819303614048, 506.25462024093656]","[2831.469499057758, 2265.1755992462067, 849.4408497173274, 566.2938998115517]"
814068217,20230531,BKK,CPH,TG950,8639.395948887284,9638.828843563779,"[2531.2731012046825, 2025.0184809637462, 759.3819303614048, 506.25462024093656]","[2838.2009060723003, 2270.5607248578403, 851.4602718216901, 567.6401812144601]"
836745489,20230903,BKK,CPH,TG950,8639.395948887284,9635.68205825793,"[2531.2731012046825, 2025.0184809637462, 759.3819303614048, 506.25462024093656]","[2837.322427352381, 2269.8579418819045, 851.1967282057142, 567.4644854704761]"
785310797,20230110,BKK,CPH,TG950,8639.395948887284,9623.596063670642,"[2531.2731012046825, 2025.0184809637462, 759.3819303614048, 506.25462024093656]","[2833.948416092617, 2267.1587328740934, 850.1845248277851, 566.7896832185234]"
822214856,20230705,BKK,CPH,TG950,8639.395948887284,9624.322928873313,"[2531.2731012046825, 2025.0184809637462, 759.3819303614048, 506.25462024093656]","[2834.151332895238, 2267.3210663161904, 850.2453998685713, 566.8302665790476]"
829510738,20230804,BKK,CPH,TG950,8639.395948887284,9645.648652933703,"[2531.2731012046825, 2025.0184809637462, 759.3819303614048, 506.25462024093656]","[2840.1047720253573, 2272.0838176202856, 852.0314316076071, 568.0209544050714]"
821347567,20230701,BKK,CPH,TG950,8639.395948887284,9639.799360579222,"[2531.2731012046825, 2025.0184809637462, 759.3819303614048, 506.25462024093656]","[2838.471842428778, 2270.7774739430224, 851.5415527286335, 567.6943684857556]"
814308399,20230601,BKK,CPH,TG950,8639.395948887284,9700.941488478304,"[2531.2731012046825, 2025.0184809637462, 759.3819303614048, 506.25462024093656]","[2855.5407089161413, 2284.432567132913, 856.6622126748424, 571.1081417832282]"
836965051,20230904,BKK,CPH,TG950,8639.395948887284,9703.042605667972,"[2531.2731012046825, 2025.0184809637462, 759.3819303614048, 506.25462024093656]","[2856.1272715697, 2284.9018172557603, 856.8381814709101, 571.2254543139401]"
843444613,20231002,BKK,CPH,TG950,8639.395948887284,9687.835707101558,"[2531.2731012046825, 2025.0184809637462, 759.3819303614048, 506.25462024093656]","[2851.88200680323, 2281.505605442584, 855.564602040969, 570.376401360646]"
822468061,20230706,BKK,CPH,TG950,8639.395948887284,9716.633060364204,"[2531.2731012046825, 2025.0184809637462, 759.3819303614048, 506.25462024093656]","[2859.921278495587, 2287.9370227964696, 857.976383548676, 571.9842556991174]"
829764975,20230805,BKK,CPH,TG950,8639.395948887284,9620.935396381881,"[2531.2731012046825, 2025.0184809637462, 759.3819303614048, 506.25462024093656]","[2833.2056454976178, 2266.5645163980944, 849.9616936492854, 566.6411290995236]"
821570335,20230702,BKK,CPH,TG950,8639.395948887284,9709.272567479486,"[2531.2731012046825, 2025.0184809637462, 759.3819303614048, 506.25462024093656]","[2857.866471529467, 2286.293177223574, 857.3599414588401, 571.5732943058935]"
814529063,20230602,BKK,CPH,TG950,8639.395948887284,9604.00381754331,"[2531.2731012046825, 2025.0184809637462, 759.3819303614048, 506.25462024093656]","[2828.4789068552714, 2262.783125484217, 848.5436720565813, 565.6957813710543]"
850078372,20231101,BKK,CPH,TG950,8639.395948887284,9637.727325519516,"[2531.2731012046825, 2025.0184809637462, 759.3819303614048, 506.25462024093656]","[2837.893398547178, 2270.3147188377425, 851.3680195641534, 567.5786797094356]"
843676010,20231003,BKK,CPH,TG950,8639.395948887284,9641.108894695439,"[2531.2731012046825, 2025.0184809637462, 759.3819303614048, 506.25462024093656]","[2838.8374211836963, 2271.069936946957, 851.6512263551089, 567.7674842367393]"
822730695,20230707,BKK,CPH,TG950,8639.395948887284,9661.177537096613,"[2531.2731012046825, 2025.0184809637462, 759.3819303614048, 506.25462024093656]","[2844.4399245557347, 2275.551939644588, 853.3319773667206, 568.887984911147]"
837204225,20230905,BKK,CPH,TG950,8639.395948887284,9611.777703267906,"[2531.2731012046825, 2025.0184809637462, 759.3819303614048, 506.25462024093656]","[2830.649119474305, 2264.519295579444, 849.1947358422915, 566.129823894861]"
829980954,20230806,BKK,CPH,TG950,8639.395948887284,9600.784108395324,"[2531.2731012046825, 2025.0184809637462, 759.3819303614048, 506.25462024093656]","[2827.580070202648, 2262.064056162118, 848.2740210607943, 565.5160140405295]"
856656388,20231202,BKK,CPH,SK974,8639.395948887284,10135.328269196021,"[2531.2731012046825, 2025.0184809637462, 759.3819303614048, 506.25462024093656]","[2976.8071780220935, 2381.445742417675, 893.042153406628, 595.3614356044187]"
856667202,20231202,BKK,CPH,TG950,8639.395948887284,9620.479712700075,"[2531.2731012046825, 2025.0184809637462, 759.3819303614048, 506.25462024093656]","[2833.078433635805, 2266.462746908644, 849.9235300907415, 566.615686727161]"
843940285,20231004,BKK,CPH,TG950,8639.395948887284,9579.382794313527,"[2531.2731012046825, 2025.0184809637462, 759.3819303614048, 506.25462024093656]","[2821.605528830466, 2257.2844230643727, 846.4816586491397, 564.3211057660932]"
850527698,20231103,BKK,CPH,TG950,8639.395948887284,9615.716948620333,"[2531.2731012046825, 2025.0184809637462, 759.3819303614048, 506.25462024093656]","[2831.748826914853, 2265.399061531882, 849.5246480744559, 566.3497653829705]"
830202078,20230807,BKK,CPH,TG950,8639.395948887284,9655.594589246835,"[2531.2731012046825, 2025.0184809637462, 759.3819303614048, 506.25462024093656]","[2842.8813495645113, 2274.3050796516086, 852.8644048693533, 568.5762699129021]"
844178026,20231005,BKK,CPH,TG950,8639.395948887284,9678.555948157566,"[2531.2731012046825, 2025.0184809637462, 759.3819303614048, 506.25462024093656]","[2849.291404024221, 2279.4331232193767, 854.7874212072662, 569.8582808048442]"
856858946,20231203,BKK,CPH,TG950,8639.395948887284,9608.072419710239,"[2531.2731012046825, 2025.0184809637462, 759.3819303614048, 506.25462024093656]","[2829.614726454029, 2263.691781163223, 848.8844179362087, 565.9229452908057]"
823184829,20230709,BKK,CPH,TG950,8639.395948887284,9609.575813721887,"[2531.2731012046825, 2025.0184809637462, 759.3819303614048, 506.25462024093656]","[2830.034424500932, 2264.0275396007455, 849.0103273502796, 566.0068849001864]"
837689039,20230907,BKK,CPH,TG950,8639.395948887284,9687.740674467108,"[2531.2731012046825, 2025.0184809637462, 759.3819303614048, 506.25462024093656]","[2851.855476824554, 2281.4843814596434, 855.5566430473663, 570.3710953649108]"
850729477,20231104,BKK,CPH,SK974,8639.395948887284,10114.223870055386,"[2531.2731012046825, 2025.0184809637462, 759.3819303614048, 506.25462024093656]","[2970.915525513334, 2376.732420410667, 891.2746576540002, 594.1831051026668]"
857071561,20231204,BKK,CPH,TG950,8639.395948887284,9620.08434037075,"[2531.2731012046825, 2025.0184809637462, 759.3819303614048, 506.25462024093656]","[2832.9680587153703, 2266.3744469722965, 849.8904176146112, 566.5936117430741]"
830436103,20230808,BKK,CPH,TG950,8639.395948887284,9638.566864567689,"[2531.2731012046825, 2025.0184809637462, 759.3819303614048, 506.25462024093656]","[2838.1277701730373, 2270.50221613843, 851.4383310519113, 567.6255540346075]"
850746015,20231104,BKK,CPH,TG950,8639.395948887284,9652.844962274643,"[2531.2731012046825, 2025.0184809637462, 759.3819303614048, 506.25462024093656]","[2842.113744358557, 2273.6909954868456, 852.6341233075672, 568.4227488717114]"
823414646,20230710,BKK,CPH,TG950,8639.395948887284,9611.242114023156,"[2531.2731012046825, 2025.0184809637462, 759.3819303614048, 506.25462024093656]","[2830.4996006134993, 2264.3996804907993, 849.1498801840497, 566.0999201226998]"
830786120,20230809,BKK,CPH,TG950,8639.395948887284,9640.900536511797,"[2531.2731012046825, 2025.0184809637462, 759.3819303614048, 506.25462024093656]","[2838.779254447595, 2271.023403558076, 851.6337763342787, 567.755850889519]"
823662401,20230711,BKK,CPH,TG950,8639.395948887284,9617.212571254144,"[2531.2731012046825, 2025.0184809637462, 759.3819303614048, 506.25462024093656]","[2832.166355449256, 2265.733084359405, 849.6499066347769, 566.4332710898512]"
838182221,20230909,BKK,CPH,TG950,8639.395948887284,9671.670367036671,"[2531.2731012046825, 2025.0184809637462, 759.3819303614048, 506.25462024093656]","[2847.3691767665364, 2277.895341413229, 854.2107530299608, 569.4738353533072]"
831030627,20230810,BKK,CPH,TG950,8639.395948887284,9630.890073924837,"[2531.2731012046825, 2025.0184809637462, 759.3819303614048, 506.25462024093656]","[2835.984663299973, 2268.7877306399782, 850.7953989899919, 567.1969326599946]"
823920707,20230712,BKK,CPH,TG950,8639.395948887284,9642.908061096803,"[2531.2731012046825, 2025.0184809637462, 759.3819303614048, 506.25462024093656]","[2839.3396891313237, 2271.4717513050587, 851.8019067393969, 567.8679378262647]"
851141943,20231106,BKK,CPH,TG950,8639.395948887284,9648.298541630027,"[2531.2731012046825, 2025.0184809637462, 759.3819303614048, 506.25462024093656]","[2840.8445335926767, 2272.6756268741415, 852.253360077803, 568.1689067185354]"
838401634,20230910,BKK,CPH,TG950,8639.395948887284,9647.35442944018,"[2531.2731012046825, 2025.0184809637462, 759.3819303614048, 506.25462024093656]","[2840.580968593039, 2272.4647748744314, 852.1742905779117, 568.1161937186079]"
831297753,20230811,BKK,CPH,TG950,8639.395948887284,9694.322392527785,"[2531.2731012046825, 2025.0184809637462, 759.3819303614048, 506.25462024093656]","[2853.6928755330296, 2282.9543004264233, 856.1078626599087, 570.7385751066058]"
858073107,20231208,BKK,CPH,TG950,8639.395948887284,9620.959598429732,"[2531.2731012046825, 2025.0184809637462, 759.3819303614048, 506.25462024093656]","[2833.2124019115286, 2266.569921529223, 849.9637205734585, 566.6424803823057]"
824173374,20230713,BKK,CPH,TG950,8639.395948887284,9721.417140820426,"[2531.2731012046825, 2025.0184809637462, 759.3819303614048, 506.25462024093656]","[2861.256836046133, 2289.0054688369064, 858.37705081384, 572.2513672092266]"
851349097,20231107,BKK,CPH,SK974,8639.395948887284,10090.57898458636,"[2531.2731012046825, 2025.0184809637462, 759.3819303614048, 506.25462024093656]","[2964.3146529718033, 2371.451722377443, 889.2943958915412, 592.8629305943607]"
851358634,20231107,BKK,CPH,TG950,8639.395948887284,9668.310558297768,"[2531.2731012046825, 2025.0184809637462, 759.3819303614048, 506.25462024093656]","[2846.431228926676, 2277.1449831413406, 853.9293686780028, 569.2862457853352]"
845067545,20231009,BKK,CPH,TG950,8639.395948887284,9640.284042097255,"[2531.2731012046825, 2025.0184809637462, 759.3819303614048, 506.25462024093656]","[2838.6071495305177, 2270.885719624414, 851.5821448591553, 567.7214299061035]"
838621290,20230911,BKK,CPH,TG950,8639.395948887284,9655.668147586617,"[2531.2731012046825, 2025.0184809637462, 759.3819303614048, 506.25462024093656]","[2842.901884628041, 2274.321507702433, 852.8705653884123, 568.5803769256082]"
851576963,20231108,BKK,CPH,TG950,8639.395948887284,9680.427326908431,"[2531.2731012046825, 2025.0184809637462, 759.3819303614048, 506.25462024093656]","[2849.8138312792644, 2279.851065023411, 854.9441493837793, 569.9627662558528]"
824431152,20230714,BKK,CPH,TG950,8639.395948887284,9664.197595452726,"[2531.2731012046825, 2025.0184809637462, 759.3819303614048, 506.25462024093656]","[2845.2830252889917, 2276.226420231193, 853.5849075866975, 569.0566050577983]"
858490025,20231210,BKK,CPH,TG950,8639.395948887284,9542.033672851861,"[2531.2731012046825, 2025.0184809637462, 759.3819303614048, 506.25462024093656]","[2811.1788853760254, 2248.9431083008203, 843.3536656128077, 562.2357770752051]"
831759402,20230813,BKK,CPH,TG950,8639.395948887284,9652.283379985462,"[2531.2731012046825, 2025.0184809637462, 759.3819303614048, 506.25462024093656]","[2841.9569690966377, 2273.5655752773105, 852.5870907289914, 568.3913938193276]"
824664985,20230715,BKK,CPH,TG950,8639.395948887284,9687.466195939469,"[2531.2731012046825, 2025.0184809637462, 759.3819303614048, 506.25462024093656]","[2851.778851468145, 2281.423081174516, 855.5336554404437, 570.355770293629]"
851790210,20231109,BKK,CPH,SK974,8639.395948887284,10158.195230690488,"[2531.2731012046825, 2025.0184809637462, 759.3819303614048, 506.25462024093656]","[2983.1908798351046, 2386.5527038680834, 894.9572639505312, 596.6381759670209]"
851802577,20231109,BKK,CPH,TG950,8639.395948887284,9650.006608047239,"[2531.2731012046825, 2025.0184809637462, 759.3819303614048, 506.25462024093656]","[2841.3213694279475, 2273.057095542358, 852.3964108283843, 568.2642738855895]"
845543017,20231011,BKK,CPH,TG950,8639.395948887284,9629.524520882042,"[2531.2731012046825, 2025.0184809637462, 759.3819303614048, 506.25462024093656]","[2835.6034459074845, 2268.4827567259877, 850.6810337722454, 567.1206891814969]"
851998231,20231110,BKK,CPH,TG950,8639.395948887284,9606.682952047762,"[2531.2731012046825, 2025.0184809637462, 759.3819303614048, 506.25462024093656]","[2829.2268328880987, 2263.3814663104795, 848.7680498664297, 565.8453665776199]"
839081705,20230913,BKK,CPH,TG950,8639.395948887284,9658.91458861054,"[2531.2731012046825, 2025.0184809637462, 759.3819303614048, 506.25462024093656]","[2843.808183939179, 2275.046547151343, 853.1424551817536, 568.7616367878358]"
824879843,20230716,BKK,CPH,TG950,8639.395948887284,9625.843848604873,"[2531.2731012046825, 2025.0184809637462, 759.3819303614048, 506.25462024093656]","[2834.5759235453834, 2267.6607388363072, 850.3727770636152, 566.9151847090768]"
839326015,20230914,BKK,CPH,TG950,8639.395948887284,9681.113441003003,"[2531.2731012046825, 2025.0184809637462, 759.3819303614048, 506.25462024093656]","[2850.0053717159117, 2280.0042973727295, 855.0016115147735, 570.0010743431824]"
852219142,20231111,BKK,CPH,SK974,8639.395948887284,10194.535370318876,"[2531.2731012046825, 2025.0184809637462, 759.3819303614048, 506.25462024093656]","[2993.341769603748, 2394.673415682999, 898.0025308811246, 598.6683539207497]"
832232858,20230815,BKK,CPH,TG950,8639.395948887284,9623.604574844901,"[2531.2731012046825, 2025.0184809637462, 759.3819303614048, 506.25462024093656]","[2833.9507921318896, 2267.160633705512, 850.1852376395669, 566.790158426378]"
825105290,20230717,BKK,CPH,TG950,8639.395948887284,9649.86657555158,"[2531.2731012046825, 2025.0184809637462, 759.3819303614048, 506.25462024093656]","[2841.2822769714944, 2273.025821577196, 852.3846830914484, 568.256455394299]"
859211735,20231213,BKK,CPH,TG950,8639.395948887284,9634.929505409194,"[2531.2731012046825, 2025.0184809637462, 759.3819303614048, 506.25462024093656]","[2837.112339405802, 2269.6898715246416, 851.1337018217406, 567.4224678811604]"
839574613,20230915,BKK,CPH,TG950,8639.395948887284,9685.958590652577,"[2531.2731012046825, 2025.0184809637462, 759.3819303614048, 506.25462024093656]","[2851.357977772024, 2281.086382217619, 855.4073933316071, 570.2715955544047]"
852416405,20231112,BKK,CPH,TG950,8639.395948887284,9643.82175976844,"[2531.2731012046825, 2025.0184809637462, 759.3819303614048, 506.25462024093656]","[2839.594763679294, 2271.675810943435, 851.8784291037881, 567.9189527358587]"
825317622,20230718,BKK,CPH,TG950,8639.395948887284,9627.837743592716,"[2531.2731012046825, 2025.0184809637462, 759.3819303614048, 506.25462024093656]","[2835.1325532948995, 2268.1060426359195, 850.5397659884699, 567.0265106589799]"
839809309,20230916,BKK,CPH,TG950,8639.395948887284,9589.82992708325,"[2531.2731012046825, 2025.0184809637462, 759.3819303614048, 506.25462024093656]","[2824.52202389777, 2259.6176191182158, 847.3566071693309, 564.9044047795539]"
846190909,20231014,BKK,CPH,TG950,8639.395948887284,9597.354503198108,"[2531.2731012046825, 2025.0184809637462, 759.3819303614048, 506.25462024093656]","[2826.622637492549, 2261.298109994039, 847.9867912477647, 565.3245274985097]"
832728535,20230817,BKK,CPH,TG950,8639.395948887284,9684.643331668029,"[2531.2731012046825, 2025.0184809637462, 759.3819303614048, 506.25462024093656]","[2850.9908008225952, 2280.792640658076, 855.2972402467785, 570.198160164519]"
852626997,20231113,BKK,CPH,TG950,8639.395948887284,9568.05558161065,"[2531.2731012046825, 2025.0184809637462, 759.3819303614048, 506.25462024093656]","[2818.443344458694, 2254.754675566955, 845.5330033376081, 563.6886688917388]"
859924392,20231216,BKK,CPH,SK974,8639.395948887284,10107.108225503378,"[2531.2731012046825, 2025.0184809637462, 759.3819303614048, 506.25462024093656]","[2968.929072129994, 2375.143257703995, 890.6787216389981, 593.7858144259988]"
846393060,20231015,BKK,CPH,TG950,8639.395948887284,9639.810074408992,"[2531.2731012046825, 2025.0184809637462, 759.3819303614048, 506.25462024093656]","[2838.4748333768557, 2270.779866701485, 851.5424500130569, 567.6949666753712]"
832978504,20230818,BKK,CPH,TG950,8639.395948887284,9691.662417936972,"[2531.2731012046825, 2025.0184809637462, 759.3819303614048, 506.25462024093656]","[2852.950298316461, 2282.360238653169, 855.8850894949383, 570.5900596632922]"
852822491,20231114,BKK,CPH,SK974,8639.395948887284,10124.45654275921,"[2531.2731012046825, 2025.0184809637462, 759.3819303614048, 506.25462024093656]","[2973.7721504001674, 2379.017720320134, 892.1316451200502, 594.7544300800334]"
852832184,20231114,BKK,CPH,TG950,8639.395948887284,9657.612959103408,"[2531.2731012046825, 2025.0184809637462, 759.3819303614048, 506.25462024093656]","[2843.4448118905325, 2274.755849512426, 853.0334435671597, 568.6889623781065]"
853050994,20231115,BKK,CPH,TG950,8639.395948887284,9653.111649464823,"[2531.2731012046825, 2025.0184809637462, 759.3819303614048, 506.25462024093656]","[2842.1881946303997, 2273.7505557043196, 852.6564583891197, 568.4376389260799]"
846578111,20231016,BKK,CPH,TG950,8639.395948887284,9635.473367384266,"[2531.2731012046825, 2025.0184809637462, 759.3819303614048, 506.25462024093656]","[2837.2641677401934, 2269.811334192155, 851.179250322058, 567.4528335480387]"
826383642,20230722,BKK,CPH,TG950,8639.395948887284,9647.83818338779,"[2531.2731012046825, 2025.0184809637462, 759.3819303614048, 506.25462024093656]","[2840.7160167476945, 2272.5728133981556, 852.2148050243085, 568.1432033495389]"
833193158,20230819,BKK,CPH,TG950,8639.395948887284,9610.49820774924,"[2531.2731012046825, 2025.0184809637462, 759.3819303614048, 506.25462024093656]","[2830.291926505566, 2264.2335412044526, 849.0875779516698, 566.0583853011132]"
853241943,20231116,BKK,CPH,TG950,8639.395948887284,9624.959794591294,"[2531.2731012046825, 2025.0184809637462, 759.3819303614048, 506.25462024093656]","[2834.3291248086716, 2267.4632998469374, 850.2987374426015, 566.8658249617343]"
853255999,20231116,BKK,CPH,SK974,8639.395948887284,10127.462514408378,"[2531.2731012046825, 2025.0184809637462, 759.3819303614048, 506.25462024093656]","[2974.611318589229, 2379.689054871383, 892.3833955767686, 594.9222637178458]"
833454894,20230820,BKK,CPH,TG950,8639.395948887284,9638.720269053309,"[2531.2731012046825, 2025.0184809637462, 759.3819303614048, 506.25462024093656]","[2838.1705956482633, 2270.5364765186105, 851.451178694479, 567.6341191296526]"
826611039,20230723,BKK,CPH,TG950,8639.395948887284,9654.866751001371,"[2531.2731012046825, 2025.0184809637462, 759.3819303614048, 506.25462024093656]","[2842.6781611204196, 2274.142528896336, 852.8034483361259, 568.535632224084]"
860602326,20231219,BKK,CPH,SK974,8639.395948887284,10185.855938350911,"[2531.2731012046825, 2025.0184809637462, 759.3819303614048, 506.25462024093656]","[2990.9128375461783, 2392.730270036943, 897.2738512638535, 598.1825675092357]"
860614410,20231219,BKK,CPH,TG950,8639.395948887284,9730.386521641249,"[2531.2731012046825, 2025.0184809637462, 759.3819303614048, 506.25462024093656]","[2863.7607914851333, 2291.0086331881066, 859.1282374455401, 572.7521582970267]"
853487404,20231117,BKK,CPH,TG950,8639.395948887284,9642.493557720709,"[2531.2731012046825, 2025.0184809637462, 759.3819303614048, 506.25462024093656]","[2839.223973453308, 2271.3791787626465, 851.7671920359925, 567.8447946906616]"
847073257,20231018,BKK,CPH,TG950,8639.395948887284,9633.759749972241,"[2531.2731012046825, 2025.0184809637462, 759.3819303614048, 506.25462024093656]","[2836.7857822501664, 2269.4286258001334, 851.03573467505, 567.3571564500334]"
826839791,20230724,BKK,CPH,TG950,8639.395948887284,9622.516197206154,"[2531.2731012046825, 2025.0184809637462, 759.3819303614048, 506.25462024093656]","[2833.6469529747988, 2266.917562379839, 850.0940858924396, 566.7293905949598]"
833679120,20230821,BKK,CPH,TG950,8639.395948887284,9652.161831405718,"[2531.2731012046825, 2025.0184809637462, 759.3819303614048, 506.25462024093656]","[2841.9230367401656, 2273.538429392132, 852.5769110220496, 568.384607348033]"
840962703,20230921,BKK,CPH,TG950,8639.395948887284,9655.049015011227,"[2531.2731012046825, 2025.0184809637462, 759.3819303614048, 506.25462024093656]","[2842.729043223425, 2274.1832345787398, 852.8187129670274, 568.5458086446849]"
853681674,20231118,BKK,CPH,SK974,8639.395948887284,10174.526281812037,"[2531.2731012046825, 2025.0184809637462, 759.3819303614048, 506.25462024093656]","[2987.7499709359595, 2390.1999767487673, 896.3249912807878, 597.5499941871918]"
853694904,20231118,BKK,CPH,TG950,8639.395948887284,9628.952728419858,"[2531.2731012046825, 2025.0184809637462, 759.3819303614048, 506.25462024093656]","[2835.4438203018526, 2268.355056241482, 850.6331460905558, 567.0887640603705]"
860864657,20231220,BKK,CPH,TG950,8639.395948887284,9629.134174120596,"[2531.2731012046825, 2025.0184809637462, 759.3819303614048, 506.25462024093656]","[2835.494473959928, 2268.3955791679427, 850.6483421879786, 567.0988947919857]"
827084674,20230725,BKK,CPH,TG950,8639.395948887284,9640.251451709843,"[2531.2731012046825, 2025.0184809637462, 759.3819303614048, 506.25462024093656]","[2838.5980513687327, 2270.878441094986, 851.5794154106197, 567.7196102737465]"
833926398,20230822,BKK,CPH,TG950,8639.395948887284,9637.463989559508,"[2531.2731012046825, 2025.0184809637462, 759.3819303614048, 506.25462024093656]","[2837.819883828323, 2270.2559070626585, 851.3459651484969, 567.5639767656646]"
861084628,20231221,BKK,CPH,TG950,8639.395948887284,9598.763908532123,"[2531.2731012046825, 2025.0184809637462, 759.3819303614048, 506.25462024093656]","[2827.0160969991034, 2261.612877599283, 848.1048290997311, 565.4032193998207]"
861099034,20231221,BKK,CPH,SK974,8639.395948887284,10129.347282354958,"[2531.2731012046825, 2025.0184809637462, 759.3819303614048, 506.25462024093656]","[2975.1374836663254, 2380.10998693306, 892.5412450998975, 595.027496733265]"
847540530,20231020,BKK,CPH,TG950,8639.395948887284,9643.758903544736,"[2531.2731012046825, 2025.0184809637462, 759.3819303614048, 506.25462024093656]","[2839.577216293766, 2271.6617730350126, 851.8731648881296, 567.9154432587532]"
853883413,20231119,BKK,CPH,TG950,8639.395948887284,9633.164957360586,"[2531.2731012046825, 2025.0184809637462, 759.3819303614048, 506.25462024093656]","[2836.6197357610295, 2269.295788608824, 850.9859207283089, 567.323947152206]"
834179043,20230823,BKK,CPH,TG950,8639.395948887284,9647.99380111092,"[2531.2731012046825, 2025.0184809637462, 759.3819303614048, 506.25462024093656]","[2840.7594600858715, 2272.607568068697, 852.2278380257616, 568.1518920171743]"
854087456,20231120,BKK,CPH,TG950,8639.395948887284,9750.120243141362,"[2531.2731012046825, 2025.0184809637462, 759.3819303614048, 506.25462024093656]","[2869.269795982657, 2295.415836786126, 860.7809387947972, 573.8539591965315]"
827838729,20230728,BKK,CPH,TG950,8639.395948887284,9746.503067133608,"[2531.2731012046825, 2025.0184809637462, 759.3819303614048, 506.25462024093656]","[2868.2599996857475, 2294.607999748598, 860.4779999057242, 573.6519999371495]"
828084280,20230729,BKK,CPH,TG950,8639.395948887284,9627.711555091699,"[2531.2731012046825, 2025.0184809637462, 759.3819303614048, 506.25462024093656]","[2835.0973256253674, 2268.077860500294, 850.5291976876102, 567.0194651250735]"
841865713,20230925,BKK,CPH,TG950,8639.395948887284,9612.913183733895,"[2531.2731012046825, 2025.0184809637462, 759.3819303614048, 506.25462024093656]","[2830.9661081879626, 2264.77288655037, 849.2898324563887, 566.1932216375925]"
834758669,20230826,BKK,CPH,,8639.395948887284,9679.114271625449,"[2531.2731012046825, 2025.0184809637462, 759.3819303614048, 506.25462024093656]","[2849.4472695306654, 2279.557815624532, 854.8341808591995, 569.889453906133]"
848167256,20231023,BKK,CPH,TG950,8639.395948887284,9712.507989869935,"[2531.2731012046825, 2025.0184809637462, 759.3819303614048, 506.25462024093656]","[2858.7696948013813, 2287.0157558411047, 857.6309084404143, 571.7539389602762]"
862047786,20231226,BKK,CPH,SK974,8639.395948887284,10166.159299046883,"[2531.2731012046825, 2025.0184809637462, 759.3819303614048, 506.25462024093656]","[2985.414185175343, 2388.3313481402743, 895.6242555526028, 597.0828370350686]"
862055713,20231226,BKK,CPH,TG950,8639.395948887284,9625.20755630318,"[2531.2731012046825, 2025.0184809637462, 759.3819303614048, 506.25462024093656]","[2834.3982917108738, 2267.5186333686993, 850.3194875132623, 566.8796583421748]"
828295518,20230730,BKK,CPH,TG950,8639.395948887284,9654.055368452588,"[2531.2731012046825, 2025.0184809637462, 759.3819303614048, 506.25462024093656]","[2842.4516498609783, 2273.961319888783, 852.7354949582935, 568.4903299721957]"
854680145,20231123,BKK,CPH,SK974,8639.395948887284,10138.67240252341,"[2531.2731012046825, 2025.0184809637462, 759.3819303614048, 506.25462024093656]","[2977.740749803818, 2382.192599843054, 893.3222249411452, 595.5481499607635]"
854691968,20231123,BKK,CPH,TG950,8639.395948887284,9611.389984474921,"[2531.2731012046825, 2025.0184809637462, 759.3819303614048, 506.25462024093656]","[2830.540881168909, 2264.4327049351273, 849.1622643506727, 566.1081762337818]"
842095919,20230926,BKK,CPH,TG950,8639.395948887284,9639.348024927544,"[2531.2731012046825, 2025.0184809637462, 759.3819303614048, 506.25462024093656]","[2838.3458443936397, 2270.676675514912, 851.503753318092, 567.669168878728]"
862278179,20231227,BKK,CPH,TG950,8639.395948887284,9614.49611190548,"[2531.2731012046825, 2025.0184809637462, 759.3819303614048, 506.25462024093656]","[2831.408009550382, 2265.1264076403054, 849.4224028651146, 566.2816019100763]"
835117705,20230827,BKK,CPH,TG950,8639.395948887284,9629.74984013224,"[2531.2731012046825, 2025.0184809637462, 759.3819303614048, 506.25462024093656]","[2835.666347614226, 2268.533078091381, 850.6999042842677, 567.1332695228452]"
828536586,20230731,BKK,CPH,TG950,8639.395948887284,9666.226027398516,"[2531.2731012046825, 2025.0184809637462, 759.3819303614048, 506.25462024093656]","[2845.849296618614, 2276.679437294891, 853.7547889855842, 569.1698593237228]"
862496194,20231228,BKK,CPH,SK974,8639.395948887284,10148.398810120867,"[2531.2731012046825, 2025.0184809637462, 759.3819303614048, 506.25462024093656]","[2980.456042162577, 2384.3648337300615, 894.1368126487731, 596.0912084325154]"
862505044,20231228,BKK,CPH,TG950,8639.395948887284,9626.095475622078,"[2531.2731012046825, 2025.0184809637462, 759.3819303614048, 506.25462024093656]","[2834.6461695134076, 2267.716935610726, 850.3938508540222, 566.9292339026815]"
842327420,20230927,BKK,CPH,TG950,8639.395948887284,9640.366680741497,"[2531.2731012046825, 2025.0184809637462, 759.3819303614048, 506.25462024093656]","[2838.6302195157105, 2270.904175612568, 851.5890658547131, 567.726043903142]"
854937838,20231125,BKK,CPH,,8639.395948887284,9614.661027137714,"[2531.2731012046825, 2025.0184809637462, 759.3819303614048, 506.25462024093656]","[2831.4540484465974, 2265.163238757278, 849.4362145339792, 566.2908096893195]"
835341000,20230828,BKK,CPH,TG950,8639.395948887284,9618.558622529337,"[2531.2731012046825, 2025.0184809637462, 759.3819303614048, 506.25462024093656]","[2832.5421285911293, 2266.033702872903, 849.7626385773386, 566.5084257182258]"
828792111,20230801,BKK,CPH,TG950,8639.395948887284,9693.125903946073,"[2531.2731012046825, 2025.0184809637462, 759.3819303614048, 506.25462024093656]","[2853.358855364667, 2282.6870842917333, 856.0076566094001, 570.6717710729333]"
842568404,20230928,BKK,CPH,TG950,8639.395948887284,9650.966896687394,"[2531.2731012046825, 2025.0184809637462, 759.3819303614048, 506.25462024093656]","[2841.589450359235, 2273.271560287388, 852.4768351077706, 568.317890071847]"
835572201,20230829,BKK,CPH,TG950,8639.395948887284,9606.588783974208,"[2531.2731012046825, 2025.0184809637462, 759.3819303614048, 506.25462024093656]","[2829.200544266324, 2263.3604354130593, 848.7601632798973, 565.8401088532648]"
848838744,20231026,BKK,CPH,TG950,8639.395948887284,9675.847950016087,"[2531.2731012046825, 2025.0184809637462, 759.3819303614048, 506.25462024093656]","[2848.5354202154595, 2278.8283361723675, 854.5606260646377, 569.7070840430919]"
862942152,20231230,BKK,CPH,SK974,8639.395948887284,10185.409702092626,"[2531.2731012046825, 2025.0184809637462, 759.3819303614048, 506.25462024093656]","[2990.788263093567, 2392.6306104748537, 897.23647892807, 598.1576526187134]"
862950688,20231230,BKK,CPH,TG950,8639.395948887284,9689.442658152191,"[2531.2731012046825, 2025.0184809637462, 759.3819303614048, 506.25462024093656]","[2852.3306145615384, 2281.864491649231, 855.6991843684616, 570.4661229123077]"
835761570,20230830,BKK,CPH,TG950,8639.395948887284,9707.37581627108,"[2531.2731012046825, 2025.0184809637462, 759.3819303614048, 506.25462024093656]","[2857.3369611207117, 2285.869568896569, 857.2010883362135, 571.4673922241423]"
842820066,20230929,BKK,CPH,TG950,8639.395948887284,9667.794653194966,"[2531.2731012046825, 2025.0184809637462, 759.3819303614048, 506.25462024093656]","[2846.287205229391, 2277.0297641835127, 853.8861615688173, 569.2574410458782]"
849069691,20231027,BKK,CPH,TG950,8639.395948887284,9614.718247476401,"[2531.2731012046825, 2025.0184809637462, 759.3819303614048, 506.25462024093656]","[2831.4700224788235, 2265.1760179830585, 849.441006743647, 566.2940044957646]"
855691144,20231128,BKK,CPH,SK974,8639.395948887284,10099.535255182476,"[2531.2731012046825, 2025.0184809637462, 759.3819303614048, 506.25462024093656]","[2966.8149484682594, 2373.4519587746076, 890.0444845404779, 593.3629896936519]"
855701040,20231128,BKK,CPH,TG950,8639.395948887284,9762.401037002563,"[2531.2731012046825, 2025.0184809637462, 759.3819303614048, 506.25462024093656]","[2872.69818877791, 2298.1585510223285, 861.8094566333732, 574.5396377555821]"
849268874,20231028,BKK,CPH,TG950,8639.395948887284,9650.452998765497,"[2531.2731012046825, 2025.0184809637462, 759.3819303614048, 506.25462024093656]","[2841.4459870006904, 2273.156789600552, 852.433796100207, 568.289197400138]"
855822636,20231129,BKK,CPH,SK974,8639.395948887284,0.0,"[2531.2731012046825, 2025.0184809637462, 759.3819303614048, 506.25462024093656]","[2531.2731012046825, 2025.0184809637462, 759.3819303614048, 506.25462024093656]"
843251146,20231001,BKK,CPH,TG950,8639.395948887284,9668.90648819662,"[2531.2731012046825, 2025.0184809637462, 759.3819303614048, 506.25462024093656]","[2846.597592908907, 2277.2780743271255, 853.979277872672, 569.3195185817814]"
856202983,20231130,BKK,CPH,SK974,8639.395948887284,10142.001898706341,"[2531.2731012046825, 2025.0184809637462, 759.3819303614048, 506.25462024093656]","[2978.67023537734, 2382.9361883018723, 893.6010706132021, 595.7340470754681]"
856212273,20231130,BKK,CPH,TG950,8639.395948887284,9689.149682657544,"[2531.2731012046825, 2025.0184809637462, 759.3819303614048, 506.25462024093656]","[2852.248825461714, 2281.7990603693715, 855.6746476385143, 570.4497650923429]"
849655487,20231030,BKK,CPH,TG950,8639.395948887284,9639.26228001399,"[2531.2731012046825, 2025.0184809637462, 759.3819303614048, 506.25462024093656]","[2838.3219072404586, 2270.6575257923664, 851.4965721721375, 567.6643814480916]"
849852969,20231031,BKK,CPH,SK974,8639.395948887284,10151.080746660055,"[2531.2731012046825, 2025.0184809637462, 759.3819303614048, 506.25462024093656]","[2981.2047504311304, 2384.9638003449045, 894.3614251293391, 596.2409500862261]"
849863839,20231031,BKK,CPH,TG950,8639.395948887284,9622.982512868402,"[2531.2731012046825, 2025.0184809637462, 759.3819303614048, 506.25462024093656]","[2833.777132935055, 2267.0217063480436, 850.1331398805164, 566.7554265870109]"
