,flight_id,date,origin,destination,airline_code,GCD,actual_distance,mean_latitude,actual_latitude,geta,zeta_1,zeta_2,z_score_dist,rolling_geta_30D,rolling_zeta_1_30D,rolling_zeta_2_30D,pre_footprint_first_30D,pre_footprint_business_30D,pre_footprint_premium_economy_30D,pre_footprint_economy_30D,post_footprint_first_30D,post_footprint_business_30D,post_footprint_premium_economy_30D,post_footprint_economy_30D,actual_footprint_first_30D,actual_footprint_business_30D,actual_footprint_premium_economy_30D,actual_footprint_economy_30D
57,783713904,2023-01-01,NRT,HEL,AY74,7831.487310198503,12345.536242887172,48.0415325,63.70802293475274,1.5763974011437494,1.5763974011437494,1.326103053326884,0.19989960992149672,,,,6808.179797940145,5571.5988812357355,2728.5078324508895,2107.7899039163335,,,,,16835.30033597152,13775.606594170495,6733.658820085013,5198.535865212936
67,784560092,2023-01-06,NRT,HEL,AY74,7831.487310198503,12358.363773838006,48.0415325,63.33736232496083,1.578035344288231,1.578035344288231,1.3183876331372406,0.20552751073370124,1.5763974011437494,1.5763974011437494,1.326103053326884,6808.179797940145,5571.5988812357355,2728.5078324508895,2107.7899039163335,16835.30033597152,13775.606594170495,6733.658820085013,5198.535865212936,16601.997612987587,13584.722548092734,6640.470289256772,5126.622952020447
72,784918234,2023-01-08,NRT,HEL,AY74,7831.487310198503,12347.135372065408,48.0415325,63.40538333667266,1.5766015934146291,1.5766015934146291,1.3198035124435854,0.20060120560935804,1.57721637271599,1.57721637271599,1.3222453432320624,6808.179797940145,5571.5988812357355,2728.5078324508895,2107.7899039163335,16717.937770677185,13679.582677111493,6686.780477243013,5162.360188126472,16632.44838965716,13609.636819913292,6652.633298346947,5136.009057897289
1,785841450,2023-01-13,NRT,HEL,AY74,7831.487310198503,12533.981736945569,48.0415325,63.34279020189426,1.6004599433651985,1.6004599433651985,1.318500616146961,0.2825774497281211,,,,6808.179797940145,5571.5988812357355,2728.5078324508895,2107.7899039163335,,,,,16841.26486555662,13780.48666383103,6736.041242981786,5200.374363678798
6,786178779,2023-01-15,NRT,HEL,AY74,7831.487310198503,12340.683917621203,48.0415325,64.19028342964681,1.5757778093505468,1.5757778093505468,1.3361414611335891,0.19777071969234064,1.6004599433651985,1.6004599433651985,1.318500616146961,6808.179797940145,5571.5988812357355,2728.5078324508895,2107.7899039163335,16841.26486555662,13780.48666383103,6736.041242981786,5200.374363678798,17163.861996298903,14044.429770801991,6864.896801454417,5299.811263353622
17,787095736,2023-01-20,NRT,HEL,AY74,7831.487310198503,12775.032497538265,48.0415325,63.06674364238787,1.6312396345074915,1.6312396345074915,1.3127546179420455,0.38833511864522463,1.5881188763578726,1.5881188763578726,1.327321038640275,6808.179797940145,5571.5988812357355,2728.5078324508895,2107.7899039163335,17000.72018849747,13910.950109873545,6799.73277254282,5249.52465498301,16975.72503467764,13890.49952947551,6789.748912806834,5241.820182853886
22,787445237,2023-01-22,NRT,HEL,AY74,7831.487310198503,12308.380894361737,48.0415325,64.20488936906861,1.5716530470953107,1.5716530470953107,1.3364454884753856,0.1835982174753961,1.6024924624077457,1.6024924624077457,1.3224655650741985,6808.179797940145,5571.5988812357355,2728.5078324508895,2107.7899039163335,16992.750232461003,13904.4292367528,6796.549318512345,5247.068006602451,17129.286236466793,14016.140512757536,6851.086142839658,5289.153678291736
30,788344991,2023-01-27,NRT,HEL,AY74,7831.487310198503,12779.0434700851,48.0415325,64.01516672378324,1.631751794252884,1.631751794252884,1.3324963503981315,0.3900948770695533,1.5947826085796368,1.5947826085796368,1.3259605459244952,6808.179797940145,5571.5988812357355,2728.5078324508895,2107.7899039163335,17026.635122904077,13932.153238024406,6810.084021910914,5257.512639025956,17645.40720744521,14438.421307194425,7057.241280679333,5448.242102584798
35,788718756,2023-01-29,NRT,HEL,AY74,7831.487310198503,12654.453904677055,48.0415325,63.66909190540103,1.615842994241704,1.615842994241704,1.3252926913894976,0.335432937913867,1.6021764457142864,1.6021764457142864,1.3272677068192225,6808.179797940145,5571.5988812357355,2728.5078324508895,2107.7899039163335,17149.209194914256,14032.441115123644,6859.044006355889,5295.29470383591,17228.706575570843,14097.48442656994,6890.797789652241,5319.798868043978
43,789626548,2023-02-03,NRT,HEL,AY74,7831.487310198503,12888.94559702796,48.0415325,63.65371135595172,1.6457851601500286,1.6457851601500286,1.3249725402900443,0.438312906856847,1.6044542038021892,1.6044542038021892,1.326938537580935,6808.179797940145,5571.5988812357355,2728.5078324508895,2107.7899039163335,17162.508016968284,14043.321969531484,6864.355979028606,5299.393914611087,17536.572466063808,14349.37470060964,7013.769222048012,5414.695030312407
48,789989364,2023-02-05,NRT,HEL,AY74,7831.487310198503,12831.497918229872,48.0415325,63.45999708811424,1.6384496852239214,1.6384496852239214,1.320940315301437,0.41310853670905856,1.6103586261375948,1.6103586261375948,1.3266576808250934,6808.179797940145,5571.5988812357355,2728.5078324508895,2107.7899039163335,17216.127798658003,14087.19270000489,6885.773425919442,5315.921603001241,17322.129709932247,14173.921536502,6928.113962070462,5348.5954875843545
59,791033483,2023-02-10,NRT,HEL,AY74,7831.487310198503,12783.35236546717,48.0415325,62.957305855837134,1.6323019956656424,1.6323019956656424,1.3104766351039516,0.39198534499462806,1.6138700085233857,1.6138700085233857,1.3259430101346363,6808.179797940145,5571.5988812357355,2728.5078324508895,2107.7899039163335,17229.550079402667,14098.174566068707,6891.1347119214315,5320.058868514867,16912.770379518795,13838.991175254629,6764.602820433725,5222.415125794981
62,791417615,2023-02-12,NRT,HEL,AY74,7831.487310198503,12378.20536247211,48.0415325,63.75920615566422,1.580568910116559,1.580568910116559,1.3271684485848618,0.21423273180994026,1.6159180070947476,1.6159180070947476,1.324224524020116,6808.179797940145,5571.5988812357355,2728.5078324508895,2107.7899039163335,17193.66658998576,14068.815347454878,6876.801704500928,5308.998190669032,16914.962326339017,13840.78458628936,6765.478353737485,5223.090768493827
0,792405611,2023-02-17,NRT,HEL,AY74,7831.487310198503,12328.315830195146,48.0415325,63.52238437674633,1.574198532396353,1.574198532396353,1.3222389268441077,0.19234439333715062,,,,6808.179797940145,5571.5988812357355,2728.5078324508895,2107.7899039163335,,,,,16685.786625396555,13653.27719460916,6673.938286826944,5152.449962947641
4,792793082,2023-02-19,NRT,HEL,AY74,7831.487310198503,12363.409746355595,48.0415325,63.75906087947884,1.5786796628343414,1.5786796628343414,1.3271654246141884,0.2077413610014536,1.574198532396353,1.574198532396353,1.3222389268441077,6808.179797940145,5571.5988812357355,2728.5078324508895,2107.7899039163335,16685.786625396555,13653.27719460916,6673.938286826944,5152.449962947641,16894.672128942322,13824.183515692064,6757.373803300055,5216.836545716722
12,793756083,2023-02-24,NRT,HEL,AY74,7831.487310198503,12320.474466299744,48.0415325,63.905142061503966,1.573197271258486,1.573197271258486,1.3302061515523875,0.18890410397789092,1.576439097615347,1.576439097615347,1.324702175729148,6808.179797940145,5571.5988812357355,2728.5078324508895,2107.7899039163335,16789.797119364313,13738.376689673692,6715.483387542475,5184.5100157757715,16936.65881088884,13858.536255466483,6774.144620009374,5229.778463305349
18,794120864,2023-02-26,NRT,HEL,AY74,7831.487310198503,12477.575068128,48.0415325,63.51051615522553,1.5932573946559498,1.5932573946559498,1.321991885983769,0.2578298082319597,1.5753584888297267,1.5753584888297267,1.3265368343368946,6808.179797940145,5571.5988812357355,2728.5078324508895,2107.7899039163335,16838.480347399054,13778.208421702115,6734.929017831351,5199.516067598981,16879.414123658382,13811.69969318702,6751.279270507663,5212.13343897437
31,795486911,2023-03-05,NRT,HEL,AY74,7831.487310198503,12389.832704884557,48.0415325,62.65088711673648,1.5820536015872717,1.5820536015872717,1.3040984301809373,0.21933406659194957,1.590216931079603,1.590216931079603,1.3268197478785169,6808.179797940145,5571.5988812357355,2728.5078324508895,2107.7899039163335,17006.474458793935,13915.658149207015,6802.031211189647,5251.298343412459,16194.875019987963,13251.622244729402,6477.852571712034,5001.132039121413
39,796488835,2023-03-10,NRT,HEL,AY74,7831.487310198503,12319.5311251791,48.0415325,63.24369705658599,1.5730768163457367,1.5730768163457367,1.316437960354116,0.1884902261802539,1.5802772925464805,1.5802772925464805,1.321140163835078,6808.179797940145,5571.5988812357355,2728.5078324508895,2107.7899039163335,16714.428960863977,13676.711832718871,6685.37894695967,5161.27863737439,16487.711197162407,13491.215480599405,6594.820658390236,5091.395463051605
56,798246259,2023-03-19,NRT,HEL,AY74,7831.487310198503,12794.252313301957,48.0415325,62.71488698739326,1.6336938063655833,1.6336938063655833,1.3054306081387652,0.3967675455215656,1.5790772131796897,1.5790772131796897,1.3203564632549176,6808.179797940145,5571.5988812357355,2728.5078324508895,2107.7899039163335,16676.387316604218,13645.586851051794,6670.183903826368,5149.552732822731,16765.0764574279,13718.150693543896,6705.609168598554,5176.890152650485
66,799251535,2023-03-24,NRT,HEL,AY74,7831.487310198503,11797.55989497338,48.0415325,63.931656701591606,1.5064264842273427,1.5064264842273427,1.330758062340988,-0.04051739201857701,1.5868795836348173,1.5868795836348173,1.3182241982383245,6808.179797940145,5571.5988812357355,2728.5078324508895,2107.7899039163335,16689.638961359546,13656.429105851608,6675.477032384889,5153.637401731688,16236.39797865675,13285.59557454932,6494.438162589397,5013.9310192792655
71,799620909,2023-03-26,NRT,HEL,AY74,7831.487310198503,12440.525395517236,48.0415325,63.21747113404447,1.5885265343297748,1.5885265343297748,1.3158920593143957,0.24157477962378582,1.5769508957400618,1.5769508957400618,1.318153849758494,6808.179797940145,5571.5988812357355,2728.5078324508895,2107.7899039163335,16583.107978662047,13569.26739273547,6632.925168273331,5120.800436894533,16631.897958711932,13609.186467321744,6652.413438713712,5135.8393938133195
2,800031189,2023-03-28,NRT,HEL,AY74,7831.487310198503,12416.072649337651,48.0415325,63.86363290114353,1.5854041713339562,1.5854041713339562,1.3293421249861987,0.2308464773018358,1.574198532396353,1.574198532396353,1.3222389268441077,6808.179797940145,5571.5988812357355,2728.5078324508895,2107.7899039163335,16685.786625396555,13653.27719460916,6673.938286826944,5152.449962947641,17038.992673691646,13942.263961396053,6815.020020890267,5261.32171362951
3,800246675,2023-03-29,NRT,HEL,AY74,7831.487310198503,12375.319375773624,48.0415325,63.37160766003165,1.5802003994385516,1.5802003994385516,1.3191004608362908,0.2129665452813968,1.5854041713339562,1.5854041713339562,1.3293421249861987,6808.179797940145,5571.5988812357355,2728.5078324508895,2107.7899039163335,17038.992673691646,13942.263961396053,6815.020020890267,5261.32171362951,16647.68334924472,13622.10178684857,6658.718625954933,5140.705061065613
7,800681403,2023-03-31,NRT,HEL,AY74,7831.487310198503,12325.91995521526,48.0415325,63.21494437859394,1.5738926039200638,1.5738926039200638,1.3158394640844135,0.19129323650915922,1.5828022853862538,1.5828022853862538,1.3242212929112447,6808.179797940145,5571.5988812357355,2728.5078324508895,2107.7899039163335,16841.684461850353,13780.829969889543,6736.208843092298,5200.503699468203,16477.226594262327,13482.637169135704,6590.632774390943,5088.16370335087
9,801038270,2023-04-02,NRT,HEL,AY74,7831.487310198503,12025.634766703875,48.0415325,63.33535377160992,1.5355492884529829,1.5355492884529829,1.3183458244511643,0.059547286115923435,1.5798323915641905,1.5798323915641905,1.3214273499689677,6808.179797940145,5571.5988812357355,2728.5078324508895,2107.7899039163335,16719.045853676438,13680.489290474517,6687.223080850101,5162.701742119139,16154.342030135065,13218.458889395213,6461.662405878746,4988.638205601415
13,801439658,2023-04-04,NRT,HEL,AY74,7831.487310198503,11904.268274863049,48.0415325,63.22286708283072,1.520052041629537,1.520052041629537,1.3160043777294306,0.006299425664569928,1.5687616157863886,1.5687616157863886,1.3206569685895169,6808.179797940145,5571.5988812357355,2728.5078324508895,2107.7899039163335,16577.25485258444,13564.478471399247,6630.587243482105,5118.996277293907,15919.426983715384,13026.255669597294,6367.829861769068,4916.228312031713
16,801649179,2023-04-05,NRT,HEL,AY74,7831.487310198503,12373.52978576821,48.0415325,63.60129441142687,1.5799718872882371,1.5799718872882371,1.3238814646769828,0.2121813875543499,1.5590197009550182,1.5590197009550182,1.3197264504174995,6808.179797940145,5571.5988812357355,2728.5078324508895,2107.7899039163335,16444.77428111188,13456.085276558064,6577.670287945054,5078.160646598531,16800.486896510043,13747.122870974745,6719.753224663751,5187.805018106203
20,802081646,2023-04-07,NRT,HEL,AY74,7831.487310198503,11962.559628399018,48.0415325,64.16754246395776,1.5274952451012531,1.5274952451012531,1.3356681005952038,0.031873946370619424,1.5625117320105548,1.5625117320105548,1.3204189527940802,6808.179797940145,5571.5988812357355,2728.5078324508895,2107.7899039163335,16503.68731586851,13504.286850449847,6601.202028532502,5096.319920095957,16623.119404172372,13602.004013607555,6648.907004712966,5133.133504132802
23,802477215,2023-04-09,NRT,HEL,AY74,7831.487310198503,11912.365249873155,48.0415325,64.04659766343343,1.5210859416653024,1.5210859416653024,1.3331505955484129,0.009851860845622293,1.5575093767377974,1.5575093767377974,1.322597402479955,6808.179797940145,5571.5988812357355,2728.5078324508895,2107.7899039163335,16520.64421220876,13518.160674728239,6607.975152468411,5101.546690700836,16471.483225587384,13477.93804931075,6588.338690198621,5086.393375222371
27,803104840,2023-04-12,NRT,HEL,AY74,7831.487310198503,13260.00902416237,48.0415325,61.33048597789029,1.6931661252766903,1.6931661252766903,1.2766138544371015,0.6011118251329661,1.5529564473537356,1.5529564473537356,1.3239165516135123,6808.179797940145,5571.5988812357355,2728.5078324508895,2107.7899039163335,16514.750483785672,13513.338533291164,6605.621009808505,5099.730015888605,16467.480701554487,13474.663256920197,6586.739954746845,5085.159642672459
33,803549839,2023-04-14,NRT,HEL,AY74,7831.487310198503,12423.18606925885,48.0415325,63.52327987252091,1.5863124815487906,1.5863124815487906,1.322257566877595,0.2339673913659307,1.568535300456286,1.568535300456286,1.3186606963716887,6808.179797940145,5571.5988812357355,2728.5078324508895,2107.7899039163335,16510.908735700512,13510.195284857855,6604.086493385854,5098.545840697584,16814.61726397886,13758.684080721956,6725.397343033399,5192.160543306109
36,803963311,2023-04-16,NRT,HEL,AY74,7831.487310198503,11920.71432013483,48.0415325,64.5397822508765,1.5221520316595747,1.5221520316595747,1.3434163918662774,0.013514899312411387,1.5703130185655365,1.5703130185655365,1.3190203834222793,6808.179797940145,5571.5988812357355,2728.5078324508895,2107.7899039163335,16541.101503303023,13534.898458350817,6616.146445445266,5107.852418211425,16821.670011707713,13764.454510681928,6728.214434881913,5194.334472648667
41,804594649,2023-04-19,NRT,HEL,AY74,7831.487310198503,12952.13693110222,48.0415325,61.6479410398254,1.6538540405007598,1.6538540405007598,1.2832217839808793,0.46603722588004237,1.5659347470286311,1.5659347470286311,1.3212382023717337,6808.179797940145,5571.5988812357355,2728.5078324508895,2107.7899039163335,16566.093802166688,13555.346702875635,6626.129164820924,5115.556010332754,16281.28233641756,13322.319139989986,6512.366403217722,5027.766112509515
46,805055530,2023-04-21,NRT,HEL,AY74,7831.487310198503,11907.525231612874,48.0415325,64.74351536062754,1.5204679213495471,1.5204679213495471,1.3476571622819804,0.007728370144057887,1.5732613548179748,1.5732613548179748,1.3180701675058293,6808.179797940145,5571.5988812357355,2728.5078324508895,2107.7899039163335,16541.688208834974,13535.378490149686,6616.38079430263,5108.033263524541,16946.025091427397,13866.199575907125,6777.88581047449,5232.6655128463535
51,805471671,2023-04-23,NRT,HEL,AY74,7831.487310198503,11874.795508748435,48.0415325,64.78405377236805,1.5162886739642114,1.5162886739642114,1.3485009824024254,-0.006631340590456635,1.5692003214742496,1.5692003214742496,1.3203460901809179,6808.179797940145,5571.5988812357355,2728.5078324508895,2107.7899039163335,16571.892679432705,13560.091238820558,6628.445420910702,5117.343448353671,16928.09890641486,13851.5326972605,6770.725521801869,5227.139970022885
55,806122116,2023-04-26,NRT,HEL,AY74,7831.487310198503,11896.816779396417,48.0415325,64.81242588300195,1.519100562661177,1.519100562661177,1.3490915570397748,0.003030185656533047,1.5654209180806755,1.5654209180806755,1.3223571539110257,6808.179797940145,5571.5988812357355,2728.5078324508895,2107.7899039163335,16596.69142308097,13580.38111998732,6638.350828174754,5124.987379279344,16979.537653035855,13893.618944495862,6791.271793889688,5242.995379137597
64,806994066,2023-04-30,NRT,HEL,AY74,7831.487310198503,11833.67668420708,48.0415325,64.35478798705745,1.5110382249865555,1.5110382249865555,1.339565676574898,-0.024671653018481222,1.5623328943860424,1.5623328943860424,1.3241394474529422,6808.179797940145,5571.5988812357355,2728.5078324508895,2107.7899039163335,16621.535140739205,13600.70779807133,6648.274199489377,5132.645172932522,16571.646476072754,13559.889799707871,6628.347079454995,5117.267558965732
69,807400641,2023-05-02,NRT,HEL,AY74,7831.487310198503,11899.862143154163,48.0415325,63.82860974380969,1.5194894241426715,1.5194894241426715,1.3286131066657727,0.0043662966533704085,1.55574479071462,1.55574479071462,1.3252296287533245,6808.179797940145,5571.5988812357355,2728.5078324508895,2107.7899039163335,16586.750771431503,13572.247859546846,6634.380215612493,5121.9232863703455,16308.244393186364,13344.379004619004,6523.135906574806,5036.0768601214895
73,807620514,2023-05-03,NRT,HEL,AY74,7831.487310198503,11923.043133605384,48.0415325,63.57251482991242,1.5224493970741264,1.5224493970741264,1.323282408401781,0.01453663383580808,1.5518588493019494,1.5518588493019494,1.32614203179485,6808.179797940145,5571.5988812357355,2728.5078324508895,2107.7899039163335,16574.86531531642,13562.523395452688,6629.632786266528,5118.259729584875,16170.816288096676,13231.93782772744,6468.2427486895485,4993.716208410606
5,808097532,2023-05-05,NRT,HEL,AY74,7831.487310198503,11892.96404847648,48.0415325,63.71443298461573,1.5186086087362924,1.5186086087362924,1.32623648058304,0.0013398535453401617,1.5828022853862538,1.5828022853862538,1.3242212929112447,6808.179797940145,5571.5988812357355,2728.5078324508895,2107.7899039163335,16841.684461850353,13780.829969889543,6736.208843092298,5200.503699468203,16223.22595684341,13274.818465792952,6489.176837967363,5009.870893237368
10,808520122,2023-05-07,NRT,HEL,AY74,7831.487310198503,11863.164739765709,48.0415325,64.13844090234227,1.5148035449558832,1.5148035449558832,1.335062342200309,-0.011734178732522867,1.5186086087362924,1.5186086087362924,1.32623648058304,6808.179797940145,5571.5988812357355,2728.5078324508895,2107.7899039163335,16223.22595684341,13274.818465792952,6489.176837967363,5009.870893237368,16465.490986972254,13473.035308625638,6585.9451994336,5084.546335762878
15,808946679,2023-05-09,NRT,HEL,AY74,7831.487310198503,11901.180704794073,48.0415325,64.73481499770416,1.5196577908382531,1.5196577908382531,1.3474760614204837,0.004944797235643943,1.5167060768460878,1.5167060768460878,1.3306494113916745,6808.179797940145,5571.5988812357355,2728.5078324508895,2107.7899039163335,16343.54507053344,13373.261376993883,6537.2361203105975,5046.957892769665,16930.869008294925,13853.799144253284,6771.8319886323725,5227.993822448987
19,809172465,2023-05-10,NRT,HEL,AY74,7831.487310198503,11889.573536564223,48.0415325,64.55047068347892,1.5181756754021811,1.5181756754021811,1.343638875039611,-0.00014768640431338725,1.517689981510143,1.517689981510143,1.3362582947346109,6808.179797940145,5571.5988812357355,2728.5078324508895,2107.7899039163335,16535.83479421441,13530.58933273286,6614.0427542581665,5106.229014983828,16785.228807309897,13734.638979810985,6713.658658352557,5183.1018854976355
24,809644497,2023-05-12,NRT,HEL,AY74,7831.487310198503,12689.198604287443,48.0415325,62.78321841824573,1.6202795333350049,1.6202795333350049,1.3068529489196816,0.3506766916733853,1.5178114049831526,1.5178114049831526,1.3381034398108609,6808.179797940145,5571.5988812357355,2728.5078324508895,2107.7899039163335,16597.64075571827,13581.157846690563,6638.730021836129,5125.28000027692,16672.656928380427,13642.534715232332,6668.693868075617,5148.402883043524
29,810069600,2023-05-14,NRT,HEL,AY74,7831.487310198503,12768.118702808442,48.0415325,62.255158588386806,1.6303568143666969,1.6303568143666969,1.295861213178135,0.38530178735765885,1.5641152130907177,1.5641152130907177,1.3226467604333711,6808.179797940145,5571.5988812357355,2728.5078324508895,2107.7899039163335,16592.205327239935,13576.710677935565,6636.558938756432,5123.604591214707,16431.412489773065,13445.152901826306,6572.333163336425,5074.042026256879
34,810497083,2023-05-16,NRT,HEL,AY74,7831.487310198503,12690.571528197484,48.0415325,62.35948385501648,1.62045484153071,1.62045484153071,1.2980327772644735,0.351279042945663,1.5583134927404434,1.5583134927404434,1.325340784031265,6808.179797940145,5571.5988812357355,2728.5078324508895,2107.7899039163335,16617.701055289843,13597.570819067307,6646.742743767274,5131.463359661908,16398.47587037034,13418.204758678623,6559.177229563633,5063.889687605755
37,810727073,2023-05-17,NRT,HEL,AY74,7831.487310198503,12341.587384612038,48.0415325,62.66922065986637,1.575893172748973,1.575893172748973,1.3044800487966608,0.19816710327005366,1.5580611051030746,1.5580611051030746,1.3245721363090013,6808.179797940145,5571.5988812357355,2728.5078324508895,2107.7899039163335,16590.1317023969,13575.01407579126,6635.730667015149,5122.96541992076,16143.58782861494,13209.659997242386,6457.36683561247,4985.323345189672
42,811225375,2023-05-19,NRT,HEL,AY74,7831.487310198503,12674.04036487178,48.0415325,62.62818566417363,1.6183439828047852,1.6183439828047852,1.303625892121023,0.3440262249353996,1.5746760024905282,1.5746760024905282,1.3156513923759194,6808.179797940145,5571.5988812357355,2728.5078324508895,2107.7899039163335,16479.44327556237,13484.450817472103,6591.518187432948,5088.846970172049,16550.991415463293,13542.990204663769,6620.096791041104,5110.900871249465
49,811658933,2023-05-21,NRT,HEL,AY74,7831.487310198503,11846.745343938364,48.0415325,63.52306265838904,1.5127069577845087,1.5127069577845087,1.3222530454953545,-0.018937960307231518,1.5737178115062809,1.5737178115062809,1.317467780526025,6808.179797940145,5571.5988812357355,2728.5078324508895,2107.7899039163335,16527.23502493224,13523.55315786563,6610.607732777846,5103.578233827249,16035.361228715625,13121.110960961127,6414.13768803905,4951.963725618434
53,812119778,2023-05-23,NRT,HEL,AY74,7831.487310198503,13222.546099282798,48.0415325,61.57647113395388,1.6883824969062804,1.6883824969062804,1.2817341148297856,0.5846754878389525,1.5571697931514203,1.5571697931514203,1.323306485808598,6808.179797940145,5571.5988812357355,2728.5078324508895,2107.7899039163335,16539.840950971586,13533.867097352366,6615.642940735608,5107.463867279719,16575.3549103029,13562.9239731689,6629.828346082149,5118.410641675877
58,812357094,2023-05-24,NRT,HEL,AY74,7831.487310198503,12706.556552156777,48.0415325,62.24083559729996,1.6224959639032737,1.6224959639032737,1.2955630754972265,0.3582922499040734,1.5671578966180737,1.5671578966180737,1.3202189491762122,6808.179797940145,5571.5988812357355,2728.5078324508895,2107.7899039163335,16546.27571778767,13539.131906565526,6618.21319134453,5109.447311028425,16343.167365393745,13372.95234551595,6537.085252859912,5046.841469452457
63,812868441,2023-05-26,NRT,HEL,AY74,7831.487310198503,12400.397654611028,48.0415325,62.87809475097835,1.5834026364906053,1.5834026364906053,1.3088278303981735,0.22396929135768234,1.5753276881518479,1.5753276881518479,1.3161468024911969,6808.179797940145,5571.5988812357355,2728.5078324508895,2107.7899039163335,16502.002070711296,13502.908013503038,6600.528887995275,5095.80046242676,16355.19217957888,13382.790829849242,6541.888346253179,5050.547981779409
70,813331115,2023-05-28,NRT,HEL,AY74,7831.487310198503,12724.214999946716,48.0415325,62.4599635312119,1.6247507652060789,1.6247507652060789,1.3001242941451108,0.36603964829587493,1.5683243894746157,1.5683243894746157,1.317932190376525,6808.179797940145,5571.5988812357355,2728.5078324508895,2107.7899039163335,16485.456913370697,13489.371066588006,6593.920225716615,5090.700605689672,16506.774240414645,13506.812515987596,6602.435044416557,5097.271429508615
76,813771939,2023-05-30,NRT,HEL,AY74,7831.487310198503,12530.065720865492,48.0415325,62.80980859435143,1.5999599085793443,1.5999599085793443,1.3074064320148702,0.2808593521330234,1.5718405783066398,1.5718405783066398,1.3153664818547954,6808.179797940145,5571.5988812357355,2728.5078324508895,2107.7899039163335,16440.78656898172,13452.822602997021,6576.077468838517,5076.93147964932,16481.228156428544,13485.911174544424,6592.231125642562,5089.397139416309
80,814008581,2023-05-31,NRT,HEL,AY74,7831.487310198503,12434.174329394018,48.0415325,62.90816033472413,1.5877155688168831,1.5877155688168831,1.3094536552247604,0.23878833768650104,1.5734027633217902,1.5734027633217902,1.3149242568636883,6808.179797940145,5571.5988812357355,2728.5078324508895,2107.7899039163335,16443.096738683904,13454.712741844267,6577.00022412297,5077.64356320809,16419.29092654592,13435.235259185913,6567.4914252974,5070.305692137148
87,814501437,2023-06-02,NRT,HEL,AY74,7831.487310198503,11983.582735029278,48.0415325,64.12802946049618,1.5301796785680462,1.5301796785680462,1.3348456246789415,0.04109754203630101,1.5776626157568083,1.5776626157568083,1.3132513667886807,6808.179797940145,5571.5988812357355,2728.5078324508895,2107.7899039163335,16434.60586253754,13447.765661360878,6573.608698025872,5075.026347123202,16625.274886363433,13603.767589945699,6649.767972883601,5133.79790702408
8,814967039,2023-06-04,NRT,HEL,AY74,7831.487310198503,12505.444363772014,48.0415325,63.33179613560623,1.5968160157122238,1.5968160157122238,1.318271771109846,0.27005707411747454,1.5186086087362924,1.5186086087362924,1.32623648058304,6808.179797940145,5571.5988812357355,2728.5078324508895,2107.7899039163335,16223.22595684341,13274.818465792952,6489.176837967363,5009.870893237368,16795.540639303264,13743.075933260103,6717.777532154452,5186.280390529681
11,815414723,2023-06-06,NRT,HEL,AY74,7831.487310198503,12764.48350222577,48.0415325,62.727073438582224,1.6298926368179525,1.6298926368179525,1.3056842730523266,0.3837068936567462,1.5434093898014665,1.5434093898014665,1.3265235312977317,6808.179797940145,5571.5988812357355,2728.5078324508895,2107.7899039163335,16497.03465942411,13498.843767904433,6598.544745873177,5094.26931434534,16734.188987452122,13692.879127200078,6693.271730307093,5167.369441024428
14,815653925,2023-06-07,NRT,HEL,AY74,7831.487310198503,12356.798491231808,48.0415325,63.23531976279177,1.5778354738748344,1.5778354738748344,1.3162635842807835,0.20484076475861723,1.5805040658286866,1.5805040658286866,1.3196727954541607,6808.179797940145,5571.5988812357355,2728.5078324508895,2107.7899039163335,16669.338577153325,13639.819700591972,6667.368413011608,5147.380038986305,16531.956387647824,13527.416090996565,6612.493595271627,5105.03354023248
21,816147517,2023-06-09,NRT,HEL,AY74,7831.487310198503,12762.667774353586,48.0415325,62.74205124197592,1.6296607871321562,1.6296607871321562,1.3059960408626832,0.3829102683041528,1.5684755185290888,1.5684755185290888,1.3262669129806102,6808.179797940145,5571.5988812357355,2728.5078324508895,2107.7899039163335,16756.17650519185,13710.868914441671,6702.054244495176,5174.146843509543,16741.732973582082,13699.051479488227,6696.285038403321,5169.694789021873
28,817052295,2023-06-13,NRT,HEL,AY74,7831.487310198503,12388.83390797293,48.0415325,62.965403022427246,1.581926065543087,1.581926065543087,1.310645180239145,0.21889585833724218,1.5954433537123922,1.5954433537123922,1.3161179155441554,6808.179797940145,5571.5988812357355,2728.5078324508895,2107.7899039163335,16711.488755399812,13674.306210066374,6684.204535345291,5160.372352451488,16396.82263033326,13416.852107739192,6558.516872889731,5063.380095151144
32,817268686,2023-06-14,NRT,HEL,AY74,7831.487310198503,11895.710929118472,48.0415325,63.86031439110989,1.5189593570083884,1.5189593570083884,1.3292730491291027,0.002545009226144499,1.607747965574492,1.607747965574492,1.30878701045382,6808.179797940145,5571.5988812357355,2728.5078324508895,2107.7899039163335,16605.003423027654,13587.181847216423,6641.670905426183,5127.549458808364,16323.656722698151,13356.989092401378,6529.292081374117,5040.82753555339
38,817788312,2023-06-16,NRT,HEL,AY74,7831.487310198503,11996.480877473536,48.0415325,63.56603263118773,1.5318266380705483,1.5318266380705483,1.323147479343789,0.046756422659251146,1.5914297937960407,1.5914297937960407,1.3110808405918775,6808.179797940145,5571.5988812357355,2728.5078324508895,2107.7899039163335,16508.951827243327,13508.594177938336,6603.304841882784,5097.942645903251,16266.002413722954,13309.817385058032,6506.263115914136,5023.056249974386
44,818251123,2023-06-18,NRT,HEL,AY74,7831.487310198503,12429.182976360882,48.0415325,63.08732024251986,1.5870782246145072,1.5870782246145072,1.3131829265130095,0.23659845095795956,1.5845726810792167,1.5845726810792167,1.3130430354372622,6808.179797940145,5571.5988812357355,2728.5078324508895,2107.7899039163335,16499.883412331434,13501.174565737696,6599.682628426499,5095.14741005683,16530.37582473595,13526.122903159576,6611.862268153986,5104.546349675837
47,818701078,2023-06-20,NRT,HEL,AY74,7831.487310198503,12416.362744563205,48.0415325,62.942957807556105,1.585441213496455,1.585441213496455,1.3101779758494612,0.23097375254769292,1.5858154646198315,1.5858154646198315,1.3140100218501898,6808.179797940145,5571.5988812357355,2728.5078324508895,2107.7899039163335,16543.512223674083,13536.87086592714,6617.109363866207,5108.595495371255,16418.522812784355,13434.606802471906,6567.184616221049,5070.068929798711
50,818936476,2023-06-21,NRT,HEL,AY74,7831.487310198503,12575.546573088037,48.0415325,62.79539371469482,1.6057673434152937,1.6057673434152937,1.3071063816437332,0.30081344354345035,1.575214337005466,1.575214337005466,1.3154895325875502,6808.179797940145,5571.5988812357355,2728.5078324508895,2107.7899039163335,16479.92961599015,13484.848732367558,6591.712447274273,5088.996879082317,16531.513333094415,13527.053591816497,6612.316625185805,5104.8969737011
54,819418096,2023-06-23,NRT,HEL,AY74,7831.487310198503,12176.541010577002,48.0415325,63.59270672268908,1.5548184563512195,1.5548184563512195,1.3237027091650142,0.12575530196211548,1.5939623865992478,1.5939623865992478,1.3110438888048785,6808.179797940145,5571.5988812357355,2728.5078324508895,2107.7899039163335,16534.016727047918,13529.101823233003,6613.316560384277,5105.668616439611,16527.64113915856,13523.88543314171,6610.769947721655,5103.703413922578
61,819884639,2023-06-25,NRT,HEL,AY74,7831.487310198503,12413.370411459684,48.0415325,62.30187903046129,1.585059123481494,1.585059123481494,1.2968337142546669,0.2296609080128999,1.585209847994995,1.585209847994995,1.31325120389051,6808.179797940145,5571.5988812357355,2728.5078324508895,2107.7899039163335,16513.10831963206,13511.994944438211,6604.965077194876,5099.223837449212,16004.70308672123,13096.027026602078,6401.891850640153,4942.5137017366405
65,820342150,2023-06-27,NRT,HEL,AY74,7831.487310198503,12875.698849228418,48.0415325,60.84121005481529,1.6440936873460965,1.6440936873460965,1.2664294182292226,0.4325010804823206,1.5821910747699053,1.5821910747699053,1.3130086858339796,6808.179797940145,5571.5988812357355,2728.5078324508895,2107.7899039163335,16474.03295680344,13480.024193032978,6589.357133974127,5087.179300895503,15699.76410285558,12846.531494348365,6280.08951788018,4848.519725175779
75,821073097,2023-06-30,NRT,HEL,AY74,7831.487310198503,12344.173801211373,48.0415325,62.729544097502114,1.5762234314210344,1.5762234314210344,1.3057357006149233,0.1993018575837162,1.5895661277193098,1.5895661277193098,1.3090599141298493,6808.179797940145,5571.5988812357355,2728.5078324508895,2107.7899039163335,16426.041806581834,13440.758706488024,6570.187941584472,5072.3865741936725,16185.520070853732,13243.96819543776,6474.115907370351,4998.248482357028
83,821522756,2023-07-02,NRT,HEL,AY74,7831.487310198503,12383.157163313716,48.0415325,63.352040443772914,1.5812012039128036,1.5812012039128036,1.3186931629163352,0.2164052655645,1.586207601540145,1.586207601540145,1.3094602573008312,6808.179797940145,5571.5988812357355,2728.5078324508895,2107.7899039163335,16403.925585906778,13422.663616844799,6561.354019348924,5065.569500491276,16645.08975221954,13619.979752918875,6657.682660779534,5139.9056142552945
77,821950792,2023-07-04,NRT,HEL,AY74,7831.487310198503,11909.98409886126,48.0415325,63.52955992626796,1.5207818932875703,1.5207818932875703,1.322388288222653,0.008807163953820283,1.5860998895918066,1.5860998895918066,1.3094607288776934,6808.179797940145,5571.5988812357355,2728.5078324508895,2107.7899039163335,16402.8280466911,13421.765630213784,6560.915627264479,5065.231196500079,16125.070962552272,13194.509834100203,6449.970610134029,4979.615731644788
79,822161666,2023-07-05,NRT,HEL,AY74,7831.487310198503,12715.674077129524,48.0415325,62.29861271234782,1.623660177623045,1.623660177623045,1.2967657247892292,0.36229243718844606,1.5817453565048574,1.5817453565048574,1.3103225661673574,6808.179797940145,5571.5988812357355,2728.5078324508895,2107.7899039163335,16384.834930243003,13407.043989483527,6553.72860404686,5059.6850228221865,16391.802858702235,13412.74502185926,6556.511816380291,5061.832807588739
85,822665943,2023-07-07,NRT,HEL,AY74,7831.487310198503,12279.007085373996,48.0415325,63.463923373604615,1.567902315232477,1.567902315232477,1.321022042200769,0.17071086728358822,1.5833891070872803,1.5833891070872803,1.30950160056913,6808.179797940145,5571.5988812357355,2728.5078324508895,2107.7899039163335,16376.11320985046,13399.908036435083,6550.244871412793,5056.996651621645,16579.923714073335,13566.66208534471,6631.65327167909,5119.818923519889
92,823138816,2023-07-09,NRT,HEL,AY74,7831.487310198503,12423.579024629424,48.0415325,62.914226771747245,1.586362657888866,1.586362657888866,1.3095799300687845,0.23413979506993923,1.579514711988188,1.579514711988188,1.3104602111409074,6808.179797940145,5571.5988812357355,2728.5078324508895,2107.7899039163335,16366.07067370828,13391.691415955118,6546.233562942366,5053.901153975547,16409.278917449752,13427.04361537996,6563.492310300466,5067.219604106085
102,823867016,2023-07-12,NRT,HEL,AY74,7831.487310198503,12293.34692053089,48.0415325,63.36491689586413,1.5697333639961288,1.5697333639961288,1.3189611904213114,0.1770022705345871,1.580047660989065,1.580047660989065,1.3100424827526576,6808.179797940145,5571.5988812357355,2728.5078324508895,2107.7899039163335,16358.508740438829,13385.50437964375,6543.21308618758,5051.570273976298,16533.11047394344,13528.36034342025,6612.954574059026,5105.389274218487
108,824374831,2023-07-14,NRT,HEL,AY74,7831.487310198503,12412.028451744827,48.0415325,63.10284683503808,1.584887769093534,1.584887769093534,1.3135061175460645,0.22907214185064032,1.5763021970430633,1.5763021970430633,1.310852804600072,6808.179797940145,5571.5988812357355,2728.5078324508895,2107.7899039163335,16345.108565315735,13374.540599997583,6537.860629874209,5047.439822269322,16517.84407120244,13515.869650268523,6606.856687055091,5100.683579055423
116,824820074,2023-07-16,NRT,HEL,AY74,7831.487310198503,12386.299657700149,48.0415325,63.03787361566901,1.581602467971846,1.581602467971846,1.3121536790207309,0.2177839912738779,1.5764873035149662,1.5764873035149662,1.3110316131817543,6808.179797940145,5571.5988812357355,2728.5078324508895,2107.7899039163335,16352.622476981465,13380.688345905904,6540.8619252725075,5049.7559001549225,16440.917914268244,13452.930067322362,6576.129932325124,5076.97196534133
121,825302796,2023-07-18,NRT,HEL,AY74,7831.487310198503,12325.731073244426,48.0415325,63.03723417939151,1.5738684856442688,1.5738684856442688,1.312140368948295,0.19121036717123707,1.5804024979501825,1.5804024979501825,1.309961652549981,6808.179797940145,5571.5988812357355,2728.5078324508895,2107.7899039163335,16359.648424820907,13386.43684868363,6543.668312392467,5051.921568736114,16360.219631779408,13386.904199831493,6543.896470626457,5052.097636790083
124,825553333,2023-07-19,NRT,HEL,AY74,7831.487310198503,11954.774067379856,48.0415325,63.54750219229269,1.5265011094140228,1.5265011094140228,1.322761762279184,0.028458139747259723,1.58303011342354,1.58303011342354,1.3092737081502628,6808.179797940145,5571.5988812357355,2728.5078324508895,2107.7899039163335,16365.278659921514,13391.043404675034,6545.917207435492,5053.6570247259315,16197.379037607527,13253.67098641814,6478.852756022576,5001.9038740978995
131,826073707,2023-07-21,NRT,HEL,AY74,7831.487310198503,12380.249337769066,48.0415325,63.09946644710625,1.5808299046398209,1.5808299046398209,1.3134357536805523,0.21512949754591512,1.5792440437235096,1.5792440437235096,1.3098723853856487,6808.179797940145,5571.5988812357355,2728.5078324508895,2107.7899039163335,16344.883965476512,13374.356836492763,6537.770917552063,5047.370591921152,16473.385815267156,13479.494713594195,6589.098645053666,5086.979826870824
138,826557765,2023-07-23,NRT,HEL,AY74,7831.487310198503,11945.118120473137,48.0415325,63.290321982223126,1.5252681447772611,1.5252681447772611,1.3174084732251854,0.024221727327190662,1.5789558369199699,1.5789558369199699,1.3100759965000919,6808.179797940145,5571.5988812357355,2728.5078324508895,2107.7899039163335,16348.268819918183,13377.126262854128,6539.12293611598,5048.4139348385415,16017.303576093103,13106.336517906337,6406.924887019941,4946.397659398141
142,827031110,2023-07-25,NRT,HEL,AY74,7831.487310198503,12761.547515477312,48.0415325,62.19079903286112,1.629517741650257,1.629517741650257,1.2945215482637054,0.3824187703016281,1.573924637005093,1.573924637005093,1.3107198772239326,6808.179797940145,5571.5988812357355,2728.5078324508895,2107.7899039163335,16316.338267098188,13351.001265092316,6526.368857347539,5038.571704778969,16381.821560450546,13404.578505107882,6552.524968271806,5058.756185826501
147,827278439,2023-07-26,NRT,HEL,AY74,7831.487310198503,12395.830047852183,48.0415325,62.333036808437626,1.5828194003085203,1.5828194003085203,1.2974822734565683,0.2219653174139467,1.5785933423362828,1.5785933423362828,1.3088960546676007,6808.179797940145,5571.5988812357355,2728.5078324508895,2107.7899039163335,16307.711597137964,13343.943080579404,6522.923090880473,5035.912631794071,16001.59786438314,13093.486390143638,6400.65152603579,4941.556552237541
153,827783077,2023-07-28,NRT,HEL,AY74,7831.487310198503,12409.845043222153,48.0415325,62.73725546793741,1.5846089703882318,1.5846089703882318,1.305896215278674,0.22811420172597927,1.5784533596379722,1.5784533596379722,1.3089365896177196,6808.179797940145,5571.5988812357355,2728.5078324508895,2107.7899039163335,16307.529640102934,13343.794206641656,6522.850411451141,5035.856545605717,16276.468695292713,13318.380706342381,6510.443681791148,5026.282362333248
160,828222559,2023-07-30,NRT,HEL,AY74,7831.487310198503,12382.416767047986,48.0415325,63.01887131476639,1.5811066629608228,1.5811066629608228,1.3117581399961873,0.2160804269996019,1.5747355648281056,1.5747355648281056,1.3114032644333102,6808.179797940145,5571.5988812357355,2728.5078324508895,2107.7899039163335,16346.109431282173,13375.359490333756,6538.260407586938,5047.748327829999,16423.31232794091,13438.525496690905,6569.097700968239,5071.54524341941
167,828736568,2023-08-01,NRT,HEL,AY74,7831.487310198503,12312.04085030314,48.0415325,63.42000438223018,1.5721203856475467,1.5721203856475467,1.3201078542244709,0.185203972245679,1.5751103353065006,1.5751103353065006,1.3114241394664206,6808.179797940145,5571.5988812357355,2728.5078324508895,2107.7899039163335,16350.647930965293,13379.072808256311,6540.0732287671835,5049.147268783459,16595.02273842875,13579.015832544594,6637.684302430144,5124.473026197622
74,828978528,2023-08-02,NRT,HEL,AY74,7831.487310198503,12531.743206910984,48.0415325,63.14377717151734,1.6001741062124435,1.6001741062124435,1.3143580957064045,0.2815953258066843,1.5895661277193098,1.5895661277193098,1.3090599141298493,6808.179797940145,5571.5988812357355,2728.5078324508895,2107.7899039163335,16426.041806581834,13440.758706488024,6570.187941584472,5072.3865741936725,16704.26843826059,13668.398677861554,6681.320510942522,5158.14677174238
82,829476103,2023-08-04,NRT,HEL,AY74,7831.487310198503,12093.424112962635,48.0415325,63.756676690047065,1.5442052874444494,1.5442052874444494,1.327115796941887,0.08928891904051191,1.5815387257076863,1.5815387257076863,1.3111707029060957,6808.179797940145,5571.5988812357355,2728.5078324508895,2107.7899039163335,16409.314879265658,13427.073038683882,6563.5066745939785,5067.230688927182,16524.6446772929,13521.433782524353,6609.573065510541,5102.779788603191
88,829927517,2023-08-06,NRT,HEL,AY74,7831.487310198503,12112.45126756992,48.0415325,63.63591478124716,1.5466348584638017,1.5466348584638017,1.3246020988453513,0.09763681851381814,1.5839854716281037,1.5839854716281037,1.3148154149095723,6808.179797940145,5571.5988812357355,2728.5078324508895,2107.7899039163335,16550.067704232395,13542.234440929393,6619.727831384669,5110.616147759258,16469.599671966036,13476.396959984193,6587.586338951005,5085.81279122261
94,830382426,2023-08-08,NRT,HEL,AY74,7831.487310198503,11861.431572730324,48.0415325,63.42231145580887,1.5145822374357745,1.5145822374357745,1.3201558767054082,-0.012494581666144025,1.5690558450484073,1.5690558450484073,1.3193355927526391,6808.179797940145,5571.5988812357355,2728.5078324508895,2107.7899039163335,16537.964292564913,13532.331649565089,6614.893343656122,5106.885408651525,15990.007737255011,13084.003558856986,6396.022060484043,4937.984027256285
99,830715890,2023-08-09,NRT,HEL,AY74,7831.487310198503,12718.943576670785,48.0415325,62.53178947378588,1.6240776589279051,1.6240776589279051,1.3016193743150444,0.3637268846432437,1.558391829489067,1.558391829489067,1.319162359653567,6808.179797940145,5571.5988812357355,2728.5078324508895,2107.7899039163335,16420.21740906837,13435.993290340644,6567.861491895856,5070.591269846482,16546.58672350744,13539.38636579079,6618.337416924643,5109.5431750073885
105,831231721,2023-08-11,NRT,HEL,AY74,7831.487310198503,12340.098047129544,48.0415325,63.34120642289293,1.575702999743067,1.575702999743067,1.3184676492760286,0.1975136771618262,1.5665679187467505,1.5665679187467505,1.3178020721559012,6808.179797940145,5571.5988812357355,2728.5078324508895,2107.7899039163335,16462.880480368647,13470.89943958633,6584.902480034547,5083.741676767166,16580.059599895918,13566.773264654097,6631.70754880027,5119.860808780542
112,831704837,2023-08-13,NRT,HEL,AY74,7831.487310198503,12346.620071520016,48.0415325,63.16935812951164,1.5765357948600274,1.5765357948600274,1.3148905716009711,0.20037512466135193,1.5699997851646381,1.5699997851646381,1.3173482749696874,6808.179797940145,5571.5988812357355,2728.5078324508895,2107.7899039163335,16484.439055610746,13488.538273875318,6593.513660940909,5090.386862601732,16474.724032277354,13480.589618420723,6589.633171507171,5087.392317057207
118,832168109,2023-08-15,NRT,HEL,AY74,7831.487310198503,12394.16791145102,48.0415325,62.76189338301289,1.582607162666381,1.582607162666381,1.3064090614306043,0.22123607818326765,1.572044797794761,1.572044797794761,1.3163188066619878,6808.179797940145,5571.5988812357355,2728.5078324508895,2107.7899039163335,16473.12410463202,13479.280586710905,6588.994109498837,5086.899157541528,16271.801462055708,13314.56206096665,6508.579440333413,5024.843740724683
123,832414788,2023-08-16,NRT,HEL,AY74,7831.487310198503,12310.703842157418,48.0415325,63.01517659055624,1.5719496635237964,1.5719496635237964,1.3116812331196188,0.18461737851551605,1.5719991059369964,1.5719991059369964,1.3151912572790725,6808.179797940145,5571.5988812357355,2728.5078324508895,2107.7899039163335,16436.895114995954,13449.638686099577,6574.523098297612,5075.731983179274,16325.92592772661,13358.845714697385,6530.19847406446,5041.526992216991
129,832914580,2023-08-18,NRT,HEL,AY74,7831.487310198503,12355.90512936514,48.0415325,63.03400268235102,1.5777214007963398,1.5777214007963398,1.3120731042947271,0.20444881466359985,1.5669853967578127,1.5669853967578127,1.3158365353789814,6808.179797940145,5571.5988812357355,2728.5078324508895,2107.7899039163335,16404.924883679996,13423.481224113795,6561.753170675387,5065.877522674215,16398.097582441682,13417.895250373356,6559.026129328492,5063.773084650473
137,833393194,2023-08-20,NRT,HEL,AY74,7831.487310198503,12334.264843030596,48.0415325,63.107608143529625,1.57495815985916,1.57495815985916,1.313605225718593,0.1949544399857825,1.5684601820106525,1.5684601820106525,1.3156308648496486,6808.179797940145,5571.5988812357355,2728.5078324508895,2107.7899039163335,16413.83645068026,13430.772506204921,6565.3127340851515,5068.624411934239,16417.62981592748,13433.876168679919,6566.827924862877,5069.793673665272
144,833866170,2023-08-22,NRT,HEL,AY74,7831.487310198503,12312.397347102064,48.0415325,62.627513479380845,1.5721659066047808,1.5721659066047808,1.3036119003776752,0.18536038025840595,1.5731975086428918,1.5731975086428918,1.3135959902231487,6808.179797940145,5571.5988812357355,2728.5078324508895,2107.7899039163335,16399.01173728745,13418.643195247165,6559.391271860635,5064.054862493556,16078.966596484042,13156.78808004438,6431.555059369276,4965.4045847175075
151,834303362,2023-08-24,NRT,HEL,AY74,7831.487310198503,12741.67387522015,48.0415325,62.23658323650732,1.6269800831608818,1.6269800831608818,1.2954745612352667,0.3736994870215148,1.5732613682182646,1.5732613682182646,1.311866818885185,6808.179797940145,5571.5988812357355,2728.5078324508895,2107.7899039163335,16345.342682481263,13374.732150405744,6537.954143719303,5047.511986225174,16385.552975739254,13407.631481253185,6554.015414264964,5059.906352186797
155,834612061,2023-08-25,NRT,HEL,AY74,7831.487310198503,12334.582152164689,48.0415325,63.00912775978347,1.5749986769565545,1.5749986769565545,1.3115553247553764,0.1950936549555473,1.5803275895028637,1.5803275895028637,1.310122786660408,6808.179797940145,5571.5988812357355,2728.5078324508895,2107.7899039163335,16363.915537097138,13389.928122364185,6545.372732807347,5053.23685760535,16353.600471178643,13381.488522976322,6541.252567272857,5050.057355752631
163,835060444,2023-08-27,NRT,HEL,AY74,7831.487310198503,12467.73266732677,48.0415325,63.22503451507089,1.5920006217836489,1.5920006217836489,1.3160494935308502,0.25351159175868865,1.57716641354782,1.57716641354782,1.311220970767905,6808.179797940145,5571.5988812357355,2728.5078324508895,2107.7899039163335,16365.590233437704,13391.298328461013,6546.041659811563,5053.75306372169,16673.279117594037,13643.043779134372,6668.942390244461,5148.594665798286
168,835517260,2023-08-29,NRT,HEL,AY74,7831.487310198503,12332.54532818135,48.0415325,63.28334472904241,1.574738595582141,1.574738595582141,1.3172632394489583,0.1942000267589687,1.5773961465242006,1.5773961465242006,1.3127461987418412,6808.179797940145,5571.5988812357355,2728.5078324508895,2107.7899039163335,16415.905112185363,13432.465047436368,6566.139023311336,5069.262053335669,16531.409499025314,13526.968636669055,6612.275150554795,5104.864968029234
172,835745067,2023-08-30,NRT,HEL,AY74,7831.487310198503,12355.54493316042,48.0415325,63.03828146378034,1.577675407463215,1.577675407463215,1.3121621685107638,0.20429078358802777,1.5768477923683066,1.5768477923683066,1.3133777000846347,6808.179797940145,5571.5988812357355,2728.5078324508895,2107.7899039163335,16430.11616290717,13444.092270754209,6571.815369139422,5073.642448231454,16400.42103841034,13419.796259802253,6559.954191570517,5064.489263549902
178,836231009,2023-09-01,NRT,HEL,AY74,7831.487310198503,12380.086238958373,48.0415325,64.0880172047853,1.5808090786071358,1.5808090786071358,1.3340127566660225,0.2150579402109385,1.5766571670628844,1.5766571670628844,1.3134001461132223,6808.179797940145,5571.5988812357355,2728.5078324508895,2107.7899039163335,16428.841096009404,13443.049034201491,6571.306066850145,5073.2494233496145,17146.392280939715,14030.136367326291,6857.918841285376,5294.4264221136455
78,836697416,2023-09-03,NRT,HEL,AY74,7831.487310198503,12828.370385749726,48.0415325,63.01067737663108,1.6380503316456971,1.6380503316456971,1.3115875805300563,0.41173637532798874,1.560477999750007,1.560477999750007,1.3183731919645287,6808.179797940145,5571.5988812357355,2728.5078324508895,2107.7899039163335,16417.08537902063,13433.430720301585,6566.610459439288,5069.625857175517,17008.392512386585,13917.22746578282,6802.797342823529,5251.88956163633
86,837141131,2023-09-05,NRT,HEL,AY74,7831.487310198503,12773.898658872398,48.0415325,61.913160505535394,1.6310948550267932,1.6310948550267932,1.2887424127349685,0.3878376626988702,1.5911278095450734,1.5911278095450734,1.3193516887359715,6808.179797940145,5571.5988812357355,2728.5078324508895,2107.7899039163335,16770.79665548091,13722.83085558727,6707.89399770723,5178.653338698075,16222.090383512983,13273.889360340785,6488.723253847313,5009.520865662507
89,837387400,2023-09-06,NRT,HEL,AY74,7831.487310198503,12806.74549957142,48.0415325,61.924918836249006,1.6352890571493257,1.6352890571493257,1.2889871661826984,0.4022487572545503,1.6052600150454308,1.6052600150454308,1.3083106973701253,6808.179797940145,5571.5988812357355,2728.5078324508895,2107.7899039163335,16564.28021025715,13553.862854949653,6625.404758507058,5114.996991235639,16271.128641684434,13314.011571571973,6508.310694469206,5024.636351490924
95,837878251,2023-09-08,NRT,HEL,AY74,7831.487310198503,12384.41472375079,48.0415325,63.41137241516163,1.5813617813851613,1.5813617813851613,1.3199281770447606,0.21695700271737317,1.6047541203143978,1.6047541203143978,1.3023682590382828,6808.179797940145,5571.5988812357355,2728.5078324508895,2107.7899039163335,16373.162778326065,13397.494047006032,6549.066375184582,5056.08721463188,16686.62479687114,13653.962971270186,6674.273079182985,5152.7083197800075
104,838339201,2023-09-10,NRT,HEL,AY74,7831.487310198503,12347.539506225792,48.0415325,63.98824937882815,1.5766531971706437,1.5766531971706437,1.3319360571777794,0.20077851385193285,1.6219747368269766,1.6219747368269766,1.3021729421615056,6808.179797940145,5571.5988812357355,2728.5078324508895,2107.7899039163335,16542.49759481957,13536.040715046174,6616.704088818069,5108.282747556726,17031.59362640509,13936.210195434323,6812.064605979784,5259.041041383511
111,838788976,2023-09-12,NRT,HEL,AY74,7831.487310198503,12451.35561832749,48.0415325,63.83566808277541,1.5899094418646116,1.5899094418646116,1.328760028268778,0.24632638926587583,1.6063587036867812,1.6063587036867812,1.3099415071577152,6808.179797940145,5571.5988812357355,2728.5078324508895,2107.7899039163335,16627.309735502153,13605.432466513743,6650.580756374804,5134.425126147806,17067.865136521334,13965.886885529435,6826.552601213716,5270.221322200592
114,839021645,2023-09-13,NRT,HEL,AY74,7831.487310198503,12424.59739536606,48.0415325,62.98519319333657,1.5864926933082315,1.5864926933082315,1.311057119032091,0.23458659106815635,1.6041277798717513,1.6041277798717513,1.3121188562200017,6808.179797940145,5571.5988812357355,2728.5078324508895,2107.7899039163335,16673.622840254124,13643.325006765353,6669.079684011529,5148.700614402319,16457.061302708054,13466.138294227661,6582.578115321254,5081.947981380306
122,839514397,2023-09-15,NRT,HEL,AY74,7831.487310198503,12433.699075095496,48.0415325,63.20382820199896,1.5876548837541746,1.5876548837541746,1.3156080772818592,0.23857982647238585,1.6026823150271057,1.6026823150271057,1.310925950300217,6808.179797940145,5571.5988812357355,2728.5078324508895,2107.7899039163335,16620.585520861463,13599.930836353175,6647.894891095029,5132.3524633963425,16613.690990373303,13594.289856862866,6645.140996246635,5130.227302720306
128,839967852,2023-09-17,NRT,HEL,AY74,7831.487310198503,12752.214232098871,48.0415325,62.60974487113522,1.6283259778116963,1.6283259778116963,1.3032420410638486,0.37832392201730974,1.599828433869826,1.599828433869826,1.3120319834858456,6808.179797940145,5571.5988812357355,2728.5078324508895,2107.7899039163335,16626.227659453652,13604.547131564967,6650.148540771341,5134.091588502173,16640.8251780405,13616.490555863296,6655.97925416143,5138.591107725677
135,840420850,2023-09-19,NRT,HEL,AY74,7831.487310198503,12405.088349710555,48.0415325,63.12749539401519,1.5840015897818172,1.5840015897818172,1.3140191852542418,0.22602726859910285,1.6032553619912675,1.6032553619912675,1.3111921763611567,6808.179797940145,5571.5988812357355,2728.5078324508895,2107.7899039163335,16634.998315403565,13611.723122796713,6653.651819824061,5136.795043532189,16524.907526975425,13521.648841355507,6609.678056037139,5102.860809030901
140,840654644,2023-09-20,NRT,HEL,AY74,7831.487310198503,12439.243350226512,48.0415325,63.35238674292963,1.5883628303946289,1.5883628303946289,1.3187003712450187,0.2410123000818848,1.6012538153415738,1.6012538153415738,1.311588460935425,6808.179797940145,5571.5988812357355,2728.5078324508895,2107.7899039163335,16626.878297889787,13605.079472103622,6650.408426464865,5134.292140406493,16720.605991061857,13681.765766517132,6687.846249362572,5163.1826367393605
146,841149522,2023-09-22,NRT,HEL,AY74,7831.487310198503,12414.80940854456,48.0415325,63.757310145383656,1.5852428685388351,1.5852428685388351,1.327128982519108,0.23029224797175632,1.599946878824797,1.599946878824797,1.3113483430161479,6808.179797940145,5571.5988812357355,2728.5078324508895,2107.7899039163335,16605.68529226436,13587.739740228273,6641.943265695163,5127.759637252064,16963.603769116922,13880.582130380368,6784.90729366525,5238.083940486448
152,841592757,2023-09-24,NRT,HEL,AY74,7831.487310198503,12375.281839838926,48.0415325,63.63711768203448,1.580195606487582,1.580195606487582,1.3246271376133656,0.21295007691206025,1.6030322762301918,1.6030322762301918,1.3119362891977286,6808.179797940145,5571.5988812357355,2728.5078324508895,2107.7899039163335,16656.420245525936,13629.250156533199,6662.208420321804,5143.3981100613855,16827.28844365536,13769.051409548185,6730.458615370091,5196.066290450712
159,842048420,2023-09-26,NRT,HEL,AY74,7831.487310198503,13009.489960134126,48.0415325,63.69147222253455,1.661177429629823,1.661177429629823,1.3257585449118332,0.49120006975921254,1.5976881279482682,1.5976881279482682,1.3139914043359966,6808.179797940145,5571.5988812357355,2728.5078324508895,2107.7899039163335,16666.597619634944,13637.577098986027,6666.273587366482,5146.53516997851,17727.527300152447,14505.610473954894,7090.042658618644,5473.554687978933
164,842272623,2023-09-27,NRT,HEL,AY74,7831.487310198503,12312.999278477468,48.0415325,63.15729270622069,1.5722427670211436,1.5722427670211436,1.314639425922158,0.1856244692783048,1.6030542110488448,1.6030542110488448,1.3150754916260838,6808.179797940145,5571.5988812357355,2728.5078324508895,2107.7899039163335,16757.409263238234,13711.877534661444,6702.546647283025,5174.526827168727,16421.987359466497,13437.441431575477,6568.568466401472,5071.136836943633
170,842749730,2023-09-29,NRT,HEL,AY74,7831.487310198503,12352.560228864202,48.0415325,63.26029521593243,1.5772942915681114,1.5772942915681114,1.316783456396451,0.2029812860863452,1.600049619159519,1.600049619159519,1.3151240966394702,6808.179797940145,5571.5988812357355,2728.5078324508895,2107.7899039163335,16727.610272796133,13687.496542481544,6690.6439823507535,5165.341626989843,16542.874337290876,13536.348958886334,6616.854571748369,5108.398874142341
176,843191958,2023-10-01,NRT,HEL,AY74,7831.487310198503,12440.514865783727,48.0415325,63.73758934782093,1.5885251897916182,1.5885251897916182,1.326718487754755,0.24157015984964594,1.5988838241177348,1.5988838241177348,1.3149216430405752,6808.179797940145,5571.5988812357355,2728.5078324508895,2107.7899039163335,16708.926233587827,13672.209601311108,6683.1809825987975,5159.582484222508,16985.045857551755,13898.125657281598,6793.47194603439,5244.69322058639
81,843645806,2023-10-03,NRT,HEL,AY74,7831.487310198503,12317.569469485092,48.0415325,63.80258633854928,1.572826333185092,1.572826333185092,1.3280714210886022,0.18762957702525326,1.6380503316456971,1.6380503316456971,1.3115875805300563,6808.179797940145,5571.5988812357355,2728.5078324508895,2107.7899039163335,17008.392512386585,13917.22746578282,6802.797342823529,5251.88956163633,16861.976585314587,13797.432616360278,6744.314162862385,5206.75851593374
91,844357894,2023-10-06,NRT,HEL,AY74,7831.487310198503,12315.953265688346,48.0415325,63.741997141465234,1.5726199606618754,1.5726199606618754,1.326810237401674,0.18692049008597725,1.619315144251727,1.619315144251727,1.3043471451340813,6808.179797940145,5571.5988812357355,2728.5078324508895,2107.7899039163335,16583.576523649055,13569.650747724841,6633.112320049391,5120.944860562404,16818.23205941078,13761.641640620803,6726.841207345127,5193.274762920777
100,844795496,2023-10-08,NRT,HEL,AY74,7831.487310198503,12375.299825746695,48.0415325,64.39876531386929,1.5801979031021405,1.5801979031021405,1.340481078822148,0.21295796797896385,1.5905242830953634,1.5905242830953634,1.315949250429434,6808.179797940145,5571.5988812357355,2728.5078324508895,2107.7899039163335,16654.62058136317,13627.777704036394,6661.489577193155,5142.843384033942,17360.57036168463,14205.372978844856,6943.468381492008,5360.444381661437
106,845243630,2023-10-10,NRT,HEL,AY74,7831.487310198503,12815.98549455374,48.0415325,63.367938965116274,1.6364689090237312,1.6364689090237312,1.3190240957678914,0.40630267655243296,1.5767318351009827,1.5767318351009827,1.3294453943069928,6808.179797940145,5571.5988812357355,2728.5078324508895,2107.7899039163335,16949.347126442655,13868.917604555973,6779.212736960699,5233.689492389409,17237.09783755302,14104.35000455536,6894.149526682624,5322.385379194735
110,845477473,2023-10-11,NRT,HEL,AY74,7831.487310198503,12825.730564386982,48.0415325,62.65743470841687,1.6377132537372254,1.6377132537372254,1.3042347204144011,0.4105781904170808,1.5877532606286966,1.5877532606286966,1.329264578051619,6808.179797940145,5571.5988812357355,2728.5078324508895,2107.7899039163335,17061.610716080402,13960.7696324414,6824.05438668532,5268.293468172635,16768.149731805603,13720.665190762018,6706.836732171012,5177.837454553841
117,845928886,2023-10-13,NRT,HEL,AY74,7831.487310198503,12498.008494710177,48.0415325,63.55949150311348,1.5958665320742746,1.5958665320742746,1.3230113236523726,0.2667946899772249,1.5966040706975584,1.5966040706975584,1.322634100113655,6808.179797940145,5571.5988812357355,2728.5078324508895,2107.7899039163335,16935.94393783278,13857.951359329709,6773.8590769648235,5229.558111809376,16940.553465088775,13861.722790720976,6775.700268817643,5230.978946205045
126,846339647,2023-10-15,NRT,HEL,AY74,7831.487310198503,12328.140211598506,48.0415325,63.67022584775449,1.5741761077163805,1.5741761077163805,1.325316294765461,0.1922673431202024,1.596230058605843,1.596230058605843,1.32103725918263,6808.179797940145,5571.5988812357355,2728.5078324508895,2107.7899039163335,16879.552007728045,13811.812507425837,6751.334345792307,5212.17594017198,16785.81746486805,13735.120608722202,6713.893786911296,5183.283332500645
132,846780199,2023-10-17,NRT,HEL,AY74,7831.487310198503,12402.465695346162,48.0415325,63.68032719379392,1.5836667039216334,1.5836667039216334,1.325526557542558,0.22487661546997967,1.5984277623407324,1.5984277623407324,1.320644365584251,6808.179797940145,5571.5988812357355,2728.5078324508895,2107.7899039163335,16889.88297058381,13820.265113398735,6755.460861069353,5215.360342074964,16893.80489911551,13823.473964015579,6757.027404113549,5216.56923197749
134,847016442,2023-10-18,NRT,HEL,AY74,7831.487310198503,12320.156458835689,48.0415325,63.7501448439037,1.5731566649915711,1.5731566649915711,1.3269798344568566,0.1887645826255666,1.5979846312482278,1.5979846312482278,1.3217464189465509,6808.179797940145,5571.5988812357355,2728.5078324508895,2107.7899039163335,16921.356809849167,13846.016436434025,6768.032513912276,5225.061795371245,16829.54138310781,13770.89472364564,6731.358511071837,5196.760733435344
141,847486571,2023-10-20,NRT,HEL,AY74,7831.487310198503,12594.603885566275,48.0415325,64.32934666241654,1.6082007652831205,1.6082007652831205,1.339036107193636,0.3091745743632318,1.5908233444173066,1.5908233444173066,1.322925010946475,6808.179797940145,5571.5988812357355,2728.5078324508895,2107.7899039163335,16884.25823589966,13815.663057748065,6753.214163067672,5213.626581526013,17617.207636736955,14415.348931160397,7045.977474879388,5439.549905363645
154,848342852,2023-10-24,NRT,HEL,AY74,7831.487310198503,12424.62321051698,48.0415325,64.03552900413484,1.5864959896362336,1.5864959896362336,1.3329201978337148,0.23459791710661146,1.5914380337783147,1.5914380337783147,1.3253037048063918,6808.179797940145,5571.5988812357355,2728.5078324508895,2107.7899039163335,16969.21124887444,13885.170068363794,6787.147099500213,5239.812382400341,17170.991540037332,14050.263033860703,6867.744568072662,5302.008864193449
158,848564794,2023-10-25,NRT,HEL,AY74,7831.487310198503,12530.22159203724,48.0415325,63.09443591070211,1.5999798117172253,1.5999798117172253,1.3133310414421544,0.2809277384419274,1.5917987274850718,1.5917987274850718,1.3263365838793901,6808.179797940145,5571.5988812357355,2728.5078324508895,2107.7899039163335,17007.30545865032,13916.338058180427,6802.3631389731945,5251.554489675011,16669.303905094686,13639.791332543995,6667.354563888187,5147.369351718231
165,849008665,2023-10-27,NRT,HEL,AY74,7831.487310198503,11990.77608940348,48.0415325,63.69668672534167,1.5310981955864973,1.5310981955864973,1.3258670864702675,0.04425352623000225,1.5967706522643907,1.5967706522643907,1.324652920086819,6808.179797940145,5571.5988812357355,2728.5078324508895,2107.7899039163335,17004.401986609177,13913.962490146758,6801.203399856759,5250.659527412327,16344.666645080331,13374.179028895887,6537.684112871088,5047.303605378579
173,849420016,2023-10-29,NRT,HEL,AY74,7831.487310198503,12191.04639511846,48.0415325,63.115712563518194,1.5566706440605156,1.5566706440605156,1.3137739218356157,0.13211933770329598,1.5868002792817504,1.5868002792817504,1.3241355252780234,6808.179797940145,5571.5988812357355,2728.5078324508895,2107.7899039163335,16881.34494118769,13813.279452983727,6752.050500463971,5212.72859153667,16232.531582590686,13282.432159586177,6492.893800978918,5012.739246628219
177,849822571,2023-10-31,NRT,HEL,AY74,7831.487310198503,12019.659719936086,48.0415325,43.460802868423045,1.5347863367260473,1.5347863367260473,0.9046506347070224,0.05692581744153153,1.585934828503578,1.585934828503578,1.32424286642741,6808.179797940145,5571.5988812357355,2728.5078324508895,2107.7899039163335,16875.678762784137,13808.643488835365,6749.787248522096,5210.982056432166,9963.063354921258,8152.867246038461,3988.668707767777,3080.2469094062503
179,850032337,2023-11-01,NRT,HEL,AY74,7831.487310198503,12038.225699017206,48.0415325,43.542704205115854,1.5371570203964329,1.5371570203964329,0.906355437456452,0.06507138256630098,1.583278081325949,1.583278081325949,1.2984845650718206,6808.179797940145,5571.5988812357355,2728.5078324508895,2107.7899039163335,16036.419203694364,13121.976576852823,6414.5602769084,4952.2898343831885,9983.384106792679,8169.493315751446,3996.7854626346,3086.5105502529805
90,850480152,2023-11-03,NRT,HEL,AY74,7831.487310198503,11999.497318505932,48.0415325,43.27929980016351,1.532211806418899,1.532211806418899,0.9008725897776784,0.04807984421256925,1.619315144251727,1.619315144251727,1.3043471451340813,6808.179797940145,5571.5988812357355,2728.5078324508895,2107.7899039163335,16583.576523649055,13569.650747724841,6633.112320049391,5120.944860562404,9935.828549965569,8130.58422380199,3977.790260106499,3071.852090265079
96,850887777,2023-11-05,NRT,HEL,AY74,7831.487310198503,12323.98154594477,48.0415325,63.67545820793092,1.573645089087477,1.573645089087477,1.3254252080307996,0.190442786399189,1.5524158835403872,1.5524158835403872,1.1138414135896761,6808.179797940145,5571.5988812357355,2728.5078324508895,2107.7899039163335,11765.233274193404,9627.369907261127,4708.512715295231,3635.7453078182616,16783.728597923244,13733.411535767362,6713.059426989594,5182.639463002033
103,851314020,2023-11-07,NRT,HEL,AY74,7831.487310198503,12509.583335296811,48.0415325,62.52272481637106,1.5973445196043785,1.5973445196043785,1.3014306905461657,0.2718729903133019,1.5646686898175979,1.5646686898175979,1.2233972785080751,6808.179797940145,5571.5988812357355,2728.5078324508895,2107.7899039163335,13877.008809295365,11355.186254162734,5552.023056872889,4286.676119064178,16268.806184709229,13312.11137950135,6507.38303125695,5023.920480519873
107,851533758,2023-11-08,NRT,HEL,AY74,7831.487310198503,12843.069203536288,48.0415325,63.42348703384712,1.6399272187814804,1.6399272187814804,1.320180346741585,0.4181852772153831,1.5839736454473252,1.5839736454473252,1.2374467325889367,6808.179797940145,5571.5988812357355,2728.5078324508895,2107.7899039163335,14381.594725994422,11768.029276916506,5753.570727008933,4442.208993955792,17312.198750930558,14165.796206409708,6924.147221060128,5345.534382323889
113,851976783,2023-11-10,NRT,HEL,AY74,7831.487310198503,12350.9887949487,48.0415325,63.71556686984017,1.5770936356960836,1.5770936356960836,1.3262600827698443,0.20229184130985026,1.6028851327755318,1.6028851327755318,1.2451946085464203,6808.179797940145,5571.5988812357355,2728.5078324508895,2107.7899039163335,14746.877137151136,12066.896704226543,5899.476144647097,4554.803146258358,16847.89091344044,13785.907975735974,6738.687897335381,5202.416767642987
120,852375731,2023-11-12,NRT,HEL,AY74,7831.487310198503,12311.29248682827,48.0415325,63.64812616014228,1.572024827365291,1.572024827365291,1.3248562826371593,0.18487563817857083,1.5934002936285456,1.5934002936285456,1.2573449945618353,6808.179797940145,5571.5988812357355,2728.5078324508895,2107.7899039163335,14973.094017255255,12251.983242493552,5989.834364370505,4624.531928904088,16747.879298636923,13704.080290896736,6698.740076195113,5171.589323875425
127,852787912,2023-11-14,NRT,HEL,AY74,7831.487310198503,12361.055095940812,48.0415325,63.74102056590275,1.5783789983090069,1.5783789983090069,1.3267899096662403,0.2067082908780908,1.5827862170930331,1.5827862170930331,1.2684191023651332,6808.179797940145,5571.5988812357355,2728.5078324508895,2107.7899039163335,15169.179269438975,12412.416630643867,6068.157053168887,4684.972979648217,16879.06498528724,13811.414034519723,6751.13981353328,5212.025821038947
130,853006612,2023-11-15,NRT,HEL,AY74,7831.487310198503,12370.580120101296,48.0415325,63.8422707223382,1.5795952454640116,1.5795952454640116,1.3288974643416755,0.2108872627639918,1.5806002753723747,1.5806002753723747,1.2688914256168666,6808.179797940145,5571.5988812357355,2728.5078324508895,2107.7899039163335,15161.11267714968,12405.816691498083,6064.934999544244,4682.4865442408645,16961.85982614737,13879.155267950737,6784.210707354116,5237.546389883619
136,853444172,2023-11-17,NRT,HEL,AY74,7831.487310198503,12334.293460167357,48.0415325,63.65838554273251,1.574961813971799,1.574961813971799,1.3250698349960528,0.1949669953565577,1.5807044709639833,1.5807044709639833,1.2807218966510563,6808.179797940145,5571.5988812357355,2728.5078324508895,2107.7899039163335,15490.979596496323,12675.707807327151,6196.694342896908,4784.164273641747,16786.113180494063,13735.36255787076,6714.011905141462,5183.374483481959
143,853841774,2023-11-19,NRT,HEL,AY74,7831.487310198503,12323.35028729015,48.0415325,63.76938886665243,1.5735644838806222,1.5735644838806222,1.3273804049996203,0.190165830443389,1.5824127804521018,1.5824127804521018,1.285981668287063,6808.179797940145,5571.5988812357355,2728.5078324508895,2107.7899039163335,15658.42318838836,12812.707109784275,6263.576641249239,4835.776858074377,16847.087241546324,13785.250426004424,6738.366885209493,5202.169044914261
150,854250517,2023-11-21,NRT,HEL,AY74,7831.487310198503,12742.101381769417,48.0415325,62.85288644327474,1.627034671329429,1.627034671329429,1.3083031113396464,0.3738870495746715,1.5824498548965609,1.5824498548965609,1.2860180837909507,6808.179797940145,5571.5988812357355,2728.5078324508895,2107.7899039163335,15659.84251320723,12813.868375545168,6264.143564742231,4836.214348821102,16788.405956039744,13737.238465135404,6714.927712646353,5184.081205489647
157,854596565,2023-11-23,NRT,HEL,AY74,7831.487310198503,12456.559104504013,48.0415325,62.51578579887666,1.590573873277243,1.590573873277243,1.3012862526580862,0.24860934646094246,1.5843565249620593,1.5843565249620593,1.287365510306682,6808.179797940145,5571.5988812357355,2728.5078324508895,2107.7899039163335,15717.784236382951,12861.275239961666,6287.287332578895,4854.074226561346,16195.527199971506,13252.155846534122,6478.113073148643,5001.3330661902055
161,854825284,2023-11-24,NRT,HEL,AY74,7831.487310198503,12425.598830391787,48.0415325,63.912054369265526,1.586620566212325,1.586620566212325,1.33035003346876,0.2350259567587375,1.5859165703242273,1.5859165703242273,1.2902145298414587,6808.179797940145,5571.5988812357355,2728.5078324508895,2107.7899039163335,15816.586794206778,12942.113696362983,6326.752217891482,4884.528992254203,17085.79439639627,13980.556279972567,6833.714118084217,5275.747812815453
166,855209332,2023-11-26,NRT,HEL,AY74,7831.487310198503,12010.87241211367,48.0415325,64.33637051531804,1.5336642883239546,1.5336642883239546,1.339182310958087,0.05307050833953667,1.5822703171134513,1.5822703171134513,1.292420022659049,6808.179797940145,5571.5988812357355,2728.5078324508895,2107.7899039163335,15845.2016110632,12965.525819245508,6338.181886215383,4893.349184381822,16806.650359910156,13752.16570466574,6722.215108055955,5189.70483565993
171,855648607,2023-11-28,NRT,HEL,AY74,7831.487310198503,12464.936293140108,48.0415325,64.01232511075132,1.591643553697358,1.591643553697358,1.3324372013060015,0.2522847214734665,1.5778492822205663,1.5778492822205663,1.294143440626778,6808.179797940145,5571.5988812357355,2728.5078324508895,2107.7899039163335,15851.92165302878,12971.024035399163,6340.866084795953,4895.420560953598,17210.259452383278,14082.391325780118,6883.429421697208,5314.112751947812
174,855901375,2023-11-29,NRT,HEL,AY74,7831.487310198503,12397.635093854986,48.0415325,63.909297992613126,1.583049886029981,1.583049886029981,1.3302926585993715,0.22275725624490145,1.5803097022174921,1.5803097022174921,1.2957809778795635,6808.179797940145,5571.5988812357355,2728.5078324508895,2107.7899039163335,15925.342869158729,13031.095939505487,6370.1928546478575,4918.051816493653,17045.4761824214,13947.568650356763,6817.609740570391,5263.320181519221
180,856411334,2023-12-01,NRT,HEL,AY74,7831.487310198503,12350.16264624184,48.0415325,63.74735348563239,1.5769881450435248,1.5769881450435248,1.3269217314337836,0.20192938005396582,1.5768487685873234,1.5768487685873234,1.253334469722236,6808.179797940145,5571.5988812357355,2728.5078324508895,2107.7899039163335,14713.951375882967,12039.957445007134,5886.324547958731,4544.654154503823,16868.55729104022,13802.816830135795,6746.942706115295,5208.7869436929195
93,856822293,2023-12-03,NRT,HEL,AY74,7831.487310198503,12421.053917949012,48.0415325,63.156233575285086,1.5860402278598826,1.5860402278598826,1.3146173797699956,0.23303193963056715,1.5524158835403872,1.5524158835403872,1.1138414135896761,6808.179797940145,5571.5988812357355,2728.5078324508895,2107.7899039163335,11765.233274193404,9627.369907261127,4708.512715295231,3635.7453078182616,16565.192288407983,13554.609100709418,6625.769071541166,5115.2781289611075
97,857270951,2023-12-05,NRT,HEL,AY74,7831.487310198503,12435.491332649555,48.0415325,63.74454762589016,1.587883736522885,1.587883736522885,1.3268633265579144,0.23936615454930363,1.5639657077887528,1.5639657077887528,1.1803050591928246,6808.179797940145,5571.5988812357355,2728.5078324508895,2107.7899039163335,12964.841054638555,10608.867182170796,5187.674232143492,4005.5107742338832,16983.00307369231,13896.454288669323,6792.655993163259,5244.063555675168
101,857519343,2023-12-06,NRT,HEL,AY74,7831.487310198503,12433.107795177051,48.0415325,63.90021439717518,1.5875793834187946,1.5875793834187946,1.330103580629431,0.23832041063109827,1.5825230178234149,1.5825230178234149,1.3223019714529032,6808.179797940145,5571.5988812357355,2728.5078324508895,2107.7899039163335,16775.953261789982,13727.049897112873,6709.953710340909,5180.242803995048,17087.838722465378,13982.228910392743,6834.530686962958,5276.377953095278
109,858023846,2023-12-08,NRT,HEL,AY74,7831.487310198503,12370.744014789618,48.0415325,63.36023521084605,1.579616173122045,1.579616173122045,1.3188637396370744,0.21095916927920935,1.5997550172374841,1.5997550172374841,1.3186390648490183,6808.179797940145,5571.5988812357355,2728.5078324508895,2107.7899039163335,16838.365571896313,13778.1145144726,6734.883172843609,5199.480689354528,16633.91594449472,13610.837546598568,6653.219486443996,5136.4614149992085
115,858450783,2023-12-10,NRT,HEL,AY74,7831.487310198503,12725.105943493809,48.0415325,63.26019031576597,1.6248645294901545,1.6248645294901545,1.316781272865639,0.36643053738680975,1.5930233959001951,1.5930233959001951,1.3228147426843073,6808.179797940145,5571.5988812357355,2728.5078324508895,2107.7899039163335,16903.95082732234,13831.775178002985,6761.0800106643455,5219.696599052607,17041.017295202888,13943.92046990525,6815.828719141633,5261.945780203287
119,858903023,2023-12-12,NRT,HEL,AY74,7831.487310198503,12305.323597541072,48.0415325,64.26581578707548,1.5712626618849963,1.5712626618849963,1.33771369152463,0.1822568710131563,1.5905129476849744,1.5905129476849744,1.3222482303716496,6808.179797940145,5571.5988812357355,2728.5078324508895,2107.7899039163335,16858.773374419005,13794.811807445712,6743.034698510343,5205.771162575302,17168.060007323824,14047.86450709511,6866.573620630848,5301.105252547383
125,859154003,2023-12-13,NRT,HEL,AY74,7831.487310198503,12362.445846947146,48.0415325,64.77287018353253,1.5785565828406862,1.5785565828406862,1.3482681923923332,0.20731846354094577,1.5870387913805784,1.5870387913805784,1.3242570390888349,6808.179797940145,5571.5988812357355,2728.5078324508895,2107.7899039163335,16887.875764654593,13818.6228540021,6754.65911915558,5214.74164365644,17614.08535051867,14412.794333345437,7044.730334418335,5438.587496117385
133,859661694,2023-12-15,NRT,HEL,AY74,7831.487310198503,12727.528588128189,48.0415325,63.39170181203775,1.6251738761746886,1.6251738761746886,1.3195187270938482,0.3674934390284249,1.5859752821013846,1.5859752821013846,1.3276553952649925,6808.179797940145,5571.5988812357355,2728.5078324508895,2107.7899039163335,16988.91153948885,13901.288487957403,6795.016022399037,5245.8847731152955,17134.687246482932,14020.559520952562,6853.243478090423,5290.8184782540975
139,860119330,2023-12-17,NRT,HEL,AY74,7831.487310198503,12374.464893181845,48.0415325,64.04193079147113,1.580091290841687,1.580091290841687,1.3330534531027112,0.2125916529275429,1.5895534230749946,1.5895534230749946,1.3266697209808593,6808.179797940145,5571.5988812357355,2728.5078324508895,2107.7899039163335,16994.405382127596,13905.783450116378,6797.2104379530365,5247.578187678659,17106.25460572863,13997.296451244496,6841.886576698223,5282.054439839774
145,860563878,2023-12-19,NRT,HEL,AY74,7831.487310198503,12032.048419648285,48.0415325,64.00544554989283,1.5363682456561767,1.5363682456561767,1.3322940010269828,0.062361187150611216,1.5881449781825674,1.5881449781825674,1.3271121457790225,6808.179797940145,5571.5988812357355,2728.5078324508895,2107.7899039163335,16994.056709721663,13905.49817269334,6797.071167099984,5247.470713371716,16608.709487478445,13590.214081767068,6643.151225488061,5128.69181106095
149,860809301,2023-12-20,NRT,HEL,AY74,7831.487310198503,12378.724524270174,48.0415325,64.09825641768327,1.580635201713225,1.580635201713225,1.3342258891862633,0.2144605068288575,1.5846364719720563,1.5846364719720563,1.327768888145471,6808.179797940145,5571.5988812357355,2728.5078324508895,2107.7899039163335,16978.359604934172,13892.65508695812,6790.801243994527,5242.632259197164,17151.714867484796,14034.491210863176,6860.044851706509,5296.067048932227
156,861302190,2023-12-22,NRT,HEL,AY74,7831.487310198503,12332.609808195411,48.0415325,64.68878111811172,1.5747468290136093,1.5747468290136093,1.3465178513635407,0.1942283164684147,1.5887588817378875,1.5887588817378875,1.3267171970938725,6808.179797940145,5571.5988812357355,2728.5078324508895,2107.7899039163335,16987.498272343924,13900.132178475189,6794.451518533761,5245.449149577726,17510.17535479768,14327.777064119173,7003.225375900235,5406.558420731796
162,861712207,2023-12-24,NRT,HEL,AY74,7831.487310198503,11860.121453168978,48.0415325,64.69886377124976,1.5144149487063858,1.5144149487063858,1.3467277250418637,-0.013069378403851478,1.5850009412877426,1.5850009412877426,1.3278898136626578,6808.179797940145,5571.5988812357355,2728.5078324508895,2107.7899039163335,16986.278075105423,13899.133835280052,6793.964132932248,5245.0730376448355,16847.292917842224,13785.418706610162,6738.449038866322,5202.2324422952415
169,862235473,2023-12-27,NRT,HEL,AY74,7831.487310198503,12827.63086364782,48.0415325,63.48326289698377,1.6379559023154031,1.6379559023154031,1.321424600619969,0.41141192029031176,1.5765012361187662,1.5765012361187662,1.3316720783079383,6808.179797940145,5571.5988812357355,2728.5078324508895,2107.7899039163335,17021.11752448244,13927.638839315792,6807.880117541361,5255.811902012467,17333.19864709474,14182.97793963495,6932.5352477666165,5352.007361681316
175,862685074,2023-12-29,NRT,HEL,AY74,7831.487310198503,12417.066824669952,48.0415325,63.679242089859386,1.5855311172502198,1.5855311172502198,1.3255039707540426,0.23128265790288605,1.5837426893304976,1.5837426893304976,1.330606455669848,6808.179797940145,5571.5988812357355,2728.5078324508895,2107.7899039163335,17063.43321495165,13962.260767881511,6824.782350723098,5268.855232739482,16912.920554695782,13839.114045853983,6764.662805177715,5222.46141558675
181,863102296,2023-12-31,NRT,HEL,AY74,7831.487310198503,10464.591023166831,48.0415325,64.07808210701253,1.336220134014568,1.336220134014568,1.3338059544002376,-0.6253389469255209,1.5829858081108437,1.5829858081108437,1.329981870094082,6808.179797940145,5571.5988812357355,2728.5078324508895,2107.7899039163335,17034.395637596546,13938.502750045516,6813.183818404555,5259.904729492242,14491.162399660961,11857.675555370948,5797.33554211551,4475.981984276301
