,flight_id,date,origin,destination,airline_code,GCD,actual_distance,mean_latitude,actual_latitude,geta,zeta_1,zeta_2,z_score_dist,rolling_geta_30D,rolling_zeta_1_30D,rolling_zeta_2_30D,pre_footprint_first,pre_footprint_business,pre_footprint_premium_economy,pre_footprint_economy,post_footprint_first_30D,post_footprint_business_30D,post_footprint_premium_economy_30D,post_footprint_economy_30D,rolling_geta_7D,rolling_zeta_1_7D,rolling_zeta_2_7D,post_footprint_first_7D,post_footprint_business_7D,post_footprint_premium_economy_7D,post_footprint_economy_7D,actual_footprint_first,actual_footprint_business,actual_footprint_premium_economy,actual_footprint_economy
63,784392722,2023-01-05,HEL,NRT,AY73,7831.487310198503,12102.74998669949,48.0415325,43.00943866699702,1.5453961051483494,1.5453961051483494,0.8952553432178089,0.3478266930686265,,,,1912.6837631857964,1566.1930346185404,773.0909503870785,598.808881840064,,,,,,,,,,,,2943.0455435191234,2409.216309436717,1184.6502296906745,916.4061919712174
0,785673950,2023-01-12,HEL,NRT,AY73,7831.487310198503,12662.985382172055,48.0415325,62.79499370562695,1.6169323757547007,1.6169323757547007,1.3070980553259193,0.5012613901908108,,,,1912.6837631857964,1566.1930346185404,773.0909503870785,598.808881840064,,,,,,,,,,,,3078.191794921703,2519.7905151297373,1238.6319426088642,958.0634882132058
4,786034319,2023-01-14,HEL,NRT,AY73,7831.487310198503,12659.166606248027,48.0415325,62.40044504322279,1.6164447575319072,1.6164447575319072,1.2988853976134669,0.500215521379208,1.6169323757547007,1.6169323757547007,1.3070980553259193,1912.6837631857964,1566.1930346185404,773.0909503870785,598.808881840064,3078.191794921703,2519.7905151297373,1238.6319426088642,958.0634882132058,1.6169323757547007,1.6169323757547007,1.3070980553259193,3078.191794921703,2519.7905151297373,1238.6319426088642,958.0634882132058,3077.270587059348,2519.036799605992,1238.2639828774804,957.7795363579061
15,786923790,2023-01-19,HEL,NRT,AY73,7831.487310198503,12065.405892021472,48.0415325,43.1824417523868,1.5406276501667029,1.5406276501667029,0.8988564582611263,0.33759906392821754,1.616688566643304,1.616688566643304,1.302991726469693,1912.6837631857964,1566.1930346185404,773.0909503870785,598.808881840064,3077.7311909905256,2519.4136573678647,1238.4479627431722,957.921512285556,1.616688566643304,1.616688566643304,1.302991726469693,3077.7311909905256,2519.4136573678647,1238.4479627431722,957.921512285556,2934.036983102301,2401.8456690956805,1181.0519240241824,913.6294055927366
20,787311075,2023-01-21,HEL,NRT,AY73,7831.487310198503,12691.884993474976,48.0415325,62.97469675585905,1.6206225574734765,1.6206225574734765,1.3108386322992307,0.509176283007378,1.5913349278177702,1.5913349278177702,1.1682799704001707,1912.6837631857964,1566.1930346185404,773.0909503870785,598.808881840064,3029.8331216944507,2480.224327943803,1219.3159498368423,943.1574767212828,1.5913349278177702,1.5913349278177702,1.1682799704001707,3029.8331216944507,2480.224327943803,1219.3159498368423,943.1574767212828,3085.1632825609067,2525.4944595618126,1241.4165765920231,960.2123700565398
28,788167719,2023-01-26,HEL,NRT,AY73,7831.487310198503,12061.762509997585,48.0415325,43.01518803963192,1.5401624279324608,1.5401624279324608,0.8953750182642886,0.3366012311924547,1.5986568352316968,1.5986568352316968,1.2039196358749358,1912.6837631857964,1566.1930346185404,773.0909503870785,598.808881840064,3043.6656619110645,2491.5418608483055,1224.8411065256375,947.4212000550971,1.5925649883906956,1.5925649883906956,1.1695268293912746,3032.156950907519,2482.125642754495,1220.244161164562,943.8737706690608,2933.1580857192807,2401.126571236846,1180.7008644444875,913.3584954618908
33,788564282,2023-01-28,HEL,NRT,AY73,7831.487310198503,11962.217125767578,48.0415325,42.99864359821288,1.5274515110545936,1.5274515110545936,0.8950306403779454,0.3093381985410476,1.5869579537718497,1.5869579537718497,1.1422107123528062,1912.6837631857964,1566.1930346185404,773.0909503870785,598.808881840064,3021.564146672708,2473.4588029260135,1216.0130581094074,940.6086591364558,1.56713754519088,1.56713754519088,1.0350233696082152,2984.1194504608293,2442.8222332981127,1201.056455020231,929.0667570370557,2909.14463417403,2381.4792017907316,1171.109127832947,905.9566219031987
42,789446897,2023-02-02,HEL,NRT,AY73,7831.487310198503,12650.61061638056,48.0415325,62.41929666386011,1.6153522460422536,1.6153522460422536,1.2992778001796697,0.4978722461693509,1.5770402133189736,1.5770402133189736,1.1010140336903296,1912.6837631857964,1566.1930346185404,773.0909503870785,598.808881840064,3002.8275612562616,2458.1288694034665,1208.5290697299974,934.8333195975796,1.562745498820177,1.562745498820177,1.0337480969804882,2975.8220008180724,2436.03341086313,1197.7421896231526,926.5091624738765,3075.2066154378276,2517.348095552021,1237.4395669400205,957.1433405597952
46,789837610,2023-02-04,HEL,NRT,AY73,7831.487310198503,12032.019367694613,48.0415325,42.92647361663168,1.5363645360219116,1.5363645360219116,0.8935283989250693,0.32845531597967337,1.5825133608508708,1.5825133608508708,1.1293374289030924,1912.6837631857964,1566.1930346185404,773.0909503870785,598.808881840064,3013.1674261393423,2466.58875885326,1212.6591407600008,938.0204654493248,1.5609887283431025,1.5609887283431025,1.0298944862739678,2972.503111777046,2433.3179561931993,1196.4165197391515,925.4861526416281,2925.983112092722,2395.2561382696617,1177.8349516834246,911.1468913752955
59,791254922,2023-02-11,HEL,NRT,AY73,7831.487310198503,12074.888664562726,48.0415325,42.89922630451085,1.5418385022265542,1.5418385022265542,0.8929612373316953,0.3401961621203419,1.5767447577472509,1.5767447577472509,1.0998613001558395,1912.6837631857964,1566.1930346185404,773.0909503870785,598.808881840064,3002.269386883515,2457.6721812803103,1208.3061171254287,934.6612686900711,1.5597227643729195,1.5597227643729195,1.029278946494228,2970.111453901526,2431.3611452041378,1195.461215485464,924.7489512794297,2936.324523611541,2403.7172931486953,1181.9656404889527,914.3345139599313
1,792629138,2023-02-18,HEL,NRT,AY73,7831.487310198503,12111.44043518612,48.0415325,42.88639857093146,1.546505785614193,1.546505785614193,0.8926942239182619,0.35020679318757253,1.6169323757547007,1.6169323757547007,1.3070980553259193,1912.6837631857964,1566.1930346185404,773.0909503870785,598.808881840064,3078.191794921703,2519.7905151297373,1238.6319426088642,958.0634882132058,1.6169323757547007,1.6169323757547007,1.3070980553259193,3078.191794921703,2519.7905151297373,1238.6319426088642,958.0634882132058,2945.1419507534156,2410.93155171932,1185.4876014439174,917.0523856783785
11,793583249,2023-02-23,HEL,NRT,AY73,7831.487310198503,12772.049384289645,48.0415325,62.36499465625258,1.6308587217727246,1.6308587217727246,1.2981474863703106,0.5311313381931682,1.546505785614193,1.546505785614193,0.8926942239182619,1912.6837631857964,1566.1930346185404,773.0909503870785,598.808881840064,2945.1419507534156,2410.93155171932,1185.4876014439174,917.0523856783785,1.546505785614193,1.546505785614193,0.8926942239182619,2945.1419507534156,2410.93155171932,1185.4876014439174,917.0523856783785,3104.5014339917625,2541.3165834597853,1249.1408495783253,966.1731354833803
17,793969008,2023-02-25,HEL,NRT,AY73,7831.487310198503,12083.20054322629,48.0415325,42.93916054809915,1.542899843238081,1.542899843238081,0.8937924814971119,0.34247258127480207,1.5886822536934588,1.5886822536934588,1.0954208551442863,1912.6837631857964,1566.1930346185404,773.0909503870785,598.808881840064,3024.821692372589,2476.124067589553,1217.3142255111213,941.6127605808794,1.5886822536934588,1.5886822536934588,1.0954208551442863,3024.821692372589,2476.124067589553,1217.3142255111213,941.6127605808794,2938.329607996733,2405.3578167365795,1182.766534990538,914.952558436617
30,795323330,2023-03-04,HEL,NRT,AY73,7831.487310198503,12069.454978432665,48.0415325,42.77457796023676,1.5411446766587102,1.5411446766587102,0.8903666418267727,0.3387080091182993,1.5651066946393648,1.5651066946393648,0.9950023025124932,1912.6837631857964,1566.1930346185404,773.0909503870785,598.808881840064,2980.2827696152976,2439.6831307881325,1199.523962614317,927.8841437650666,1.5734214502083328,1.5734214502083328,1.028211397261895,2995.9909975806368,2452.535317305228,1205.7983286709268,932.7260265327918,2935.0137490376555,2402.6448412246073,1181.4420754176792,913.9304825926969
37,796301508,2023-03-09,HEL,NRT,AY73,7831.487310198503,12101.516631172784,48.0415325,42.91257837274351,1.5452386183929154,1.5452386183929154,0.8932391649401173,0.3474889073213973,1.565352256820927,1.565352256820927,0.9937502084031143,1912.6837631857964,1566.1930346185404,773.0909503870785,598.808881840064,2980.746685444891,2440.0626982850727,1199.7092653576149,928.027140547768,1.5420222599483955,1.5420222599483955,0.8920795616619421,2936.6716785171943,2404.0013289805934,1182.1043052041084,914.4415205146569,2942.748019697123,2408.9728808550803,1184.5313892095005,916.3144836340383
54,798078578,2023-03-18,HEL,NRT,AY73,7831.487310198503,11959.098370584854,48.0415325,42.98333357580808,1.527053278246547,1.527053278246547,0.8947119573216794,0.3084840481950919,1.5613295291353249,1.5613295291353249,0.973647999710515,1912.6837631857964,1566.1930346185404,773.0909503870785,598.808881840064,2973.146952295338,2433.8447347990746,1196.6736901279921,925.6846091650222,1.5431916475258127,1.5431916475258127,0.8918029033834449,2938.880884367389,2405.8088610398436,1182.9867323135898,915.1224831133675,2908.392293148466,2380.8636500425428,1170.808618889213,905.7247213313982
64,799068327,2023-03-23,HEL,NRT,AY73,7831.487310198503,12005.652754348595,48.0415325,43.003882460901565,1.5329977919665805,1.5329977919665805,0.8951396889951744,0.3212341490102579,1.5556168206538619,1.5556168206538619,0.9604919926457091,1912.6837631857964,1566.1930346185404,773.0909503870785,598.808881840064,2962.3545091041924,2425.014554006319,1192.362844921529,922.3579611927515,1.527053278246547,1.527053278246547,0.8947119573216794,2908.392293148466,2380.8636500425428,1170.808618889213,905.7247213313982,2919.622662566164,2390.0521341115686,1175.2943857645776,909.1863550865694
68,799463423,2023-03-25,HEL,NRT,AY73,7831.487310198503,11974.064650574308,48.0415325,42.93754143652796,1.5289643175417218,1.5289643175417218,0.8937587791673373,0.3125829442230565,1.5533654883792598,1.5533654883792598,0.9608995701585278,1912.6837631857964,1566.1930346185404,773.0909503870785,598.808881840064,2958.1012944063173,2421.534651071694,1190.663975641639,921.0469560941167,1.5300255351065637,1.5300255351065637,0.894925823158427,2914.007477857315,2385.4578920770555,1173.0515023268954,907.4555382089837,2912.0026266874775,2383.817559301734,1172.2507009789433,906.837565618281
73,799834670,2023-03-27,HEL,NRT,AY73,7831.487310198503,12727.379440163826,48.0415325,62.58894023446766,1.6251548315209143,1.6251548315209143,1.3028089858388188,0.5188973390513815,1.5498796068310399,1.5498796068310399,0.9513080285883577,1912.6837631857964,1566.1930346185404,773.0909503870785,598.808881840064,2951.5157704464827,2416.1464951045564,1188.0335078326823,919.0170431689971,1.529671795918283,1.529671795918283,0.8945368084947303,2913.3391941340356,2384.911114485282,1172.7845685442446,907.2495473454162,3093.7256501913216,2532.5000330776065,1244.836658662581,962.851622578983
2,800039987,2023-03-28,HEL,NRT,AY73,7831.487310198503,12739.06599090778,48.0415325,62.69164191035016,1.6266470832837094,1.6266470832837094,1.3049467543598898,0.522097997896382,1.546505785614193,1.546505785614193,0.8926942239182619,1912.6837631857964,1566.1930346185404,773.0909503870785,598.808881840064,2945.1419507534156,2410.93155171932,1185.4876014439174,917.0523856783785,1.546505785614193,1.546505785614193,0.8926942239182619,2945.1419507534156,2410.93155171932,1185.4876014439174,917.0523856783785,3096.544810739967,2534.806618981044,1245.962721086273,963.7205967821876
6,800477894,2023-03-30,HEL,NRT,AY73,7831.487310198503,12700.25466767328,48.0415325,62.84644796438872,1.6216912783775383,1.6216912783775383,1.3081690923242035,0.5114685309374555,1.6266470832837094,1.6266470832837094,1.3049467543598898,1912.6837631857964,1566.1930346185404,773.0909503870785,598.808881840064,3096.544810739967,2534.806618981044,1245.962721086273,963.7205967821876,1.6266470832837094,1.6266470832837094,1.3049467543598898,3096.544810739967,2534.806618981044,1245.962721086273,963.7205967821876,3087.1823090317484,2527.1463903106833,1242.2230400062288,960.8347120226942
7,800872976,2023-04-01,HEL,NRT,AY73,7831.487310198503,12991.724853516062,48.0415325,62.89623294748271,1.6589090090968637,1.6589090090968637,1.3092053828108563,0.5912950468026494,1.624169180830624,1.624169180830624,1.3065579233420466,1912.6837631857964,1566.1930346185404,773.0909503870785,598.808881840064,3091.8635598858577,2530.9765046458638,1244.0928805462509,962.277654402441,1.624169180830624,1.624169180830624,1.3065579233420466,3091.8635598858577,2530.9765046458638,1244.0928805462509,962.277654402441,3157.494008953954,2584.674144792488,1270.3077701456098,982.507494527124
13,801244003,2023-04-03,HEL,NRT,AY73,7831.487310198503,12704.969610854072,48.0415325,63.55804947812731,1.6222933278981515,1.6222933278981515,1.3229813074370038,0.5127598379215187,1.635749123586037,1.635749123586037,1.3074404098316499,1912.6837631857964,1566.1930346185404,773.0909503870785,598.808881840064,3113.74037624189,2548.8757180280713,1252.8311770793705,969.0209344440019,1.635749123586037,1.635749123586037,1.3074404098316499,3113.74037624189,2548.8757180280713,1252.8311770793705,969.0209344440019,3088.319700388328,2528.0769832387937,1242.6773503037716,961.185299983458
22,802293706,2023-04-08,HEL,NRT,AY73,7831.487310198503,12073.636451913237,48.0415325,43.03638610167623,1.5416786076114075,1.5416786076114075,0.8958162627654774,0.3398532118709295,1.6323851746640656,1.6323851746640656,1.3113256342329884,1912.6837631857964,1566.1930346185404,773.0909503870785,598.808881840064,3107.385207278499,2543.676034330752,1250.2927203854706,967.0620258288659,1.6323851746640656,1.6323851746640656,1.3113256342329884,3107.385207278499,2543.676034330752,1250.2927203854706,967.0620258288659,2936.022450863362,2403.470142718367,1181.8449830219245,914.24140346795
27,802894262,2023-04-11,HEL,NRT,AY73,7831.487310198503,12014.114570389836,48.0415325,42.95450307722641,1.5340782784318034,1.5340782784318034,0.8941118411912944,0.32355163232509965,1.614243861253534,1.614243861253534,1.228223759939486,1912.6837631857964,1566.1930346185404,773.0909503870785,598.808881840064,3073.1126559954714,2515.6348560082747,1236.6031729127615,956.4979013566827,1.6076269815354742,1.6076269815354742,1.1760009843377792,3060.6120534018814,2505.407090249883,1231.6100344904353,952.6447326595107,2921.6639165234697,2391.7222509857274,1176.1097275441152,909.8155484228412
31,803328175,2023-04-13,HEL,NRT,AY73,7831.487310198503,12041.209226754729,48.0415325,43.009735891567566,1.5375379860571494,1.5375379860571494,0.8952615300431468,0.33097219237284564,1.6008829307832455,1.6008829307832455,1.172538440148121,1912.6837631857964,1566.1930346185404,773.0909503870785,598.808881840064,3047.8711994168048,2494.9827551711837,1226.520932017987,948.7175092010424,1.5378784430216055,1.5378784430216055,0.8949640519783859,2928.843183693416,2397.5961968520473,1178.9773552830197,912.0284759453956,2928.1999927341985,2397.0699497035966,1178.7204443487415,911.830219641205
34,803774352,2023-04-15,HEL,NRT,AY73,7831.487310198503,12055.157098552438,48.0415325,43.04020650267093,1.5393189851503288,1.5393189851503288,0.8958957856448674,0.3347921714424925,1.591833652965232,1.591833652965232,1.1329274529902675,1912.6837631857964,1566.1930346185404,773.0909503870785,598.808881840064,3030.775312747861,2480.995211532957,1219.6922909223806,943.44789640678,1.5377649573667869,1.5377649573667869,0.8950632113333062,2928.62878670701,2397.4207811358974,1178.891718304927,911.9623905106655,2931.5646544527144,2399.822854746019,1180.0643972965352,912.8673383811453
38,804165186,2023-04-17,HEL,NRT,AY73,7831.487310198503,12054.301456629264,48.0415325,42.89845487016974,1.539209728518825,1.539209728518825,0.8929451796769752,0.3345578321622754,1.585269319488369,1.585269319488369,1.1032984945720925,1912.6837631857964,1566.1930346185404,773.0909503870785,598.808881840064,3018.3739804609677,2470.84866693459,1214.7388042191499,939.6253266535756,1.5381534643126722,1.5381534643126722,0.8952713549111965,2929.362753643436,2398.0212995384272,1179.184888052829,912.1886274782853,2931.3582469329563,2399.6539758662166,1179.9819515656316,912.8037156087198
44,804831508,2023-04-20,HEL,NRT,AY73,7831.487310198503,12573.881883711054,48.0415325,62.232799977216274,1.6055547797845242,1.6055547797845242,1.2953958114724229,0.4768581332574308,1.5801515871584197,1.5801515871584197,1.0799259040281906,1912.6837631857964,1566.1930346185404,773.0909503870785,598.808881840064,3008.705565624522,2462.9381457047707,1210.8769317020924,936.6451476485918,1.5375362445395266,1.5375362445395266,0.8945535841390709,2928.1967026608345,2397.06725782539,1178.7191301887558,911.8292055134777,3056.6972519114343,2502.204070848608,1230.0463382132853,951.4380395864611
49,805288024,2023-04-22,HEL,NRT,AY73,7831.487310198503,11939.522345524265,48.0415325,42.94799992127978,1.524553622142259,1.524553622142259,0.8939764759019663,0.3031226563581942,1.58269190642103,1.58269190642103,1.1014728947726138,1912.6837631857964,1566.1930346185404,773.0909503870785,598.808881840064,3013.504734253213,2466.8647382191543,1212.7938723532116,938.1244368423786,1.555405369877707,1.555405369877707,0.9948745767093531,2961.955036507826,2424.6877127911102,1192.2032828560484,922.2348283043829,2903.669945318104,2376.99991090861,1168.9223629092446,904.2691112757327
70,807407121,2023-05-02,HEL,NRT,AY73,7831.487310198503,12709.095221045587,48.0415325,63.16042361650111,1.62282012568612,1.62282012568612,1.3147045968298596,0.5138897410931049,1.5702642150662203,1.5702642150662203,1.0536618378300473,1912.6837631857964,1566.1930346185404,773.0909503870785,598.808881840064,2990.026352084914,2447.6551528087275,1203.4158594757603,930.8874923387976,1.5521592788989842,1.5521592788989842,0.9945533131740579,2955.822524653802,2419.6702030923634,1189.753762496174,920.3445512130147,3089.314926246311,2528.89125894078,1243.0748751777273,961.4920670447966
3,807872447,2023-05-04,HEL,NRT,AY73,7831.487310198503,12672.566512029956,48.0415325,63.23227180491519,1.6181557870274763,1.6181557870274763,1.316200140054133,0.5038854260330934,1.6266470832837094,1.6266470832837094,1.3049467543598898,1912.6837631857964,1566.1930346185404,773.0909503870785,598.808881840064,3096.544810739967,2534.806618981044,1245.962721086273,963.7205967821876,1.6266470832837094,1.6266470832837094,1.3049467543598898,3096.544810739967,2534.806618981044,1245.962721086273,963.7205967821876,3080.50306228353,2521.6815520621412,1239.555136333503,958.7759101130872
8,808331390,2023-05-06,HEL,NRT,AY73,7831.487310198503,12747.304063233532,48.0415325,62.14926749782678,1.6276989999886022,1.6276989999886022,1.2936570559614595,0.5243542033100121,1.6181557870274763,1.6181557870274763,1.316200140054133,1912.6837631857964,1566.1930346185404,773.0909503870785,598.808881840064,3080.50306228353,2521.6815520621412,1239.555136333503,958.7759101130872,1.6181557870274763,1.6181557870274763,1.316200140054133,3080.50306228353,2521.6815520621412,1239.555136333503,958.7759101130872,3098.532090734423,2536.4325753401445,1246.756503947695,964.3331532577516
16,808958717,2023-05-09,HEL,NRT,AY73,7831.487310198503,12843.468694552976,48.0415325,62.324628872432825,1.6399782296560264,1.6399782296560264,1.297307259555736,0.5506913308810384,1.6229273935080393,1.6229273935080393,1.3049285980077963,1912.6837631857964,1566.1930346185404,773.0909503870785,598.808881840064,3089.5175765089766,2529.057063701143,1243.155820140599,961.5545316854194,1.6229273935080393,1.6229273935080393,1.3049285980077963,3089.5175765089766,2529.057063701143,1243.155820140599,961.5545316854194,3121.7299992303183,2555.4126822913313,1256.0224867162258,971.4836449390147
25,809882332,2023-05-13,HEL,NRT,AY73,7831.487310198503,12735.454955959076,48.0415325,63.05464509179675,1.6261859914366985,1.6261859914366985,1.3125027827077904,0.5211090242290101,1.6286110055573684,1.6286110055573684,1.3023881518571097,1912.6837631857964,1566.1930346185404,773.0909503870785,598.808881840064,3100.255050749424,2537.8422698978725,1247.4447089991413,964.8642361032845,1.6286110055573684,1.6286110055573684,1.3023881518571094,3100.255050749424,2537.8422698978725,1247.4447089991413,964.8642361032845,3095.6737164804026,2534.093905495946,1245.6147783223676,963.4520918754754
32,810279619,2023-05-15,HEL,NRT,AY73,7831.487310198503,12822.386802787702,48.0415325,62.53274451876492,1.6372862899349696,1.6372862899349696,1.3016392538844368,0.5449175191870468,1.6099113988331903,1.6099113988331903,1.2229857536644533,1912.6837631857964,1566.1930346185404,773.0909503870785,598.808881840064,3064.927772292574,2508.9381329786315,1233.3338699337064,953.9750039653067,1.6312877403604424,1.6312877403604424,1.3011556994083286,3105.311935481715,2541.979721042474,1249.4645896620962,966.4229633574139,3116.644389382071,2551.251728779129,1253.991132327977,969.9160634943136
47,811458267,2023-05-20,HEL,NRT,AY73,7831.487310198503,12750.558281861502,48.0415325,62.87969834134403,1.6281145300787463,1.6281145300787463,1.3088612096490475,0.5252454537622095,1.6041735989371813,1.6041735989371813,1.2006929086197276,1912.6837631857964,1566.1930346185404,773.0909503870785,598.808881840064,3054.087926425981,2500.0691681786916,1229.0040905904025,950.633744656996,1.634483503675898,1.634483503675898,1.303816432049321,3111.3493683642637,2546.9194388554683,1251.8761324555232,968.2839334362678,3099.317109768152,2537.074863640468,1247.0700655276444,964.5751264542276
51,811898638,2023-05-22,HEL,NRT,AY73,7831.487310198503,12068.7959437566,48.0415325,42.79586809126872,1.5410605247409506,1.5410605247409506,0.8908098027736462,0.33852751572796363,1.613441028756163,1.613441028756163,1.252442498648374,1912.6837631857964,1566.1930346185404,773.0909503870785,598.808881840064,3071.5959456385544,2514.3939111707973,1235.997350537243,956.0303926245081,1.6305289371501381,1.6305289371501381,1.3076677487470916,3103.8784052102087,2540.806832638514,1248.8919920593296,965.9810939413388,2934.8547693181767,2402.51476690867,1181.3785738592737,913.8814789007553
55,812128030,2023-05-23,HEL,NRT,AY73,7831.487310198503,13109.348168306216,48.0415325,60.645257480904846,1.673928290892415,1.673928290892415,1.262350602177498,0.6235091800494633,1.605379246875716,1.605379246875716,1.201869247561027,1912.6837631857964,1566.1930346185404,773.0909503870785,598.808881840064,3056.365635314397,2501.932748178305,1229.9138799929913,951.3358225387947,1.6021537815848887,1.6021537815848887,1.1671034221023768,3050.2720894894665,2496.947119776089,1227.479923904965,949.4575562830987,3185.8684212097637,2607.8895730017866,1281.6414132227883,991.2535846684744
66,813121916,2023-05-27,HEL,NRT,AY73,7831.487310198503,12652.59246214837,48.0415325,62.426298031024416,1.6156053072666816,1.6156053072666816,1.2994235358962458,0.49841502498622725,1.6240510804694857,1.6240510804694857,1.2479160133454683,1912.6837631857964,1566.1930346185404,773.0909503870785,598.808881840064,3091.6404448008548,2530.793955939952,1244.0037612821843,962.2088817128874,1.6143677819040372,1.6143677819040372,1.1540072048667305,3073.346766765364,2515.8264011836413,1236.6966842032355,956.5700633411524,3075.6846984517574,2517.7392543815995,1237.6305285075166,957.2907042160776
74,813554912,2023-05-29,HEL,NRT,AY73,7831.487310198503,12661.241334944578,48.0415325,62.1323769522413,1.616709678946496,1.616709678946496,1.2933054738052183,0.5007837385460249,1.6230834076708684,1.6230834076708684,1.259745623948985,1912.6837631857964,1566.1930346185404,773.0909503870785,598.808881840064,3089.8123183104904,2529.2982160841993,1243.2735493942716,961.6453824963972,1.6146771632446983,1.6146771632446983,1.1903612876241094,3073.9312496869625,2516.304614483131,1236.9301452793059,956.7502235598837,3077.7710763327545,2519.446290829688,1238.4638942179374,957.9338064890554
77,813779496,2023-05-30,HEL,NRT,AY73,7831.487310198503,12786.00299422285,48.0415325,62.16334586355504,1.6326404535665098,1.6326404535665098,1.2939501016865989,0.5349528887970112,1.6225039777868346,1.6225039777868346,1.262796519390461,1912.6837631857964,1566.1930346185404,773.0909503870785,598.808881840064,3088.717659948878,2528.4025865156073,1242.836308014605,961.3079664957298,1.6118259504616357,1.6118259504616357,1.186472353663152,3068.544741328113,2511.897471280436,1234.778602451879,955.0898935685906,3107.8674799275354,2544.0706210435997,1250.4853554265346,967.2106808925603
84,814259530,2023-06-01,HEL,NRT,AY73,7831.487310198503,12701.596550887636,48.0415325,61.95000810070429,1.621862622997175,1.621862622997175,1.2895094073176014,0.5118360397493441,1.6233486841018074,1.6233486841018074,1.2653926512484726,1912.6837631857964,1566.1930346185404,773.0909503870785,598.808881840064,3090.3134782804327,2529.7082560596064,1243.4737286322656,961.7998593621323,1.6347209326680257,1.6347209326680257,1.2872574283913902,3111.797918980453,2547.2864348141684,1252.0552978436942,968.4221940665419,3087.5060131170417,2527.411239107741,1242.3523377175704,960.9344901285302
5,814752794,2023-06-03,HEL,NRT,AY73,7831.487310198503,12663.82011083342,48.0415325,62.02097387939699,1.6170389619787855,1.6170389619787855,1.2909865828988072,0.5014900018429318,1.6181557870274763,1.6181557870274763,1.316200140054133,1912.6837631857964,1566.1930346185404,773.0909503870785,598.808881840064,3080.50306228353,2521.6815520621412,1239.555136333503,958.7759101130872,1.6181557870274763,1.6181557870274763,1.316200140054133,3080.50306228353,2521.6815520621412,1239.555136333503,958.7759101130872,3078.393157510417,2519.955266338685,1238.712373233788,958.1255559429655
9,815192767,2023-06-05,HEL,NRT,AY73,7831.487310198503,12659.667170335984,48.0415325,62.25655615000986,1.6165086743931787,1.6165086743931787,1.2958903038742542,0.5003526135726799,1.620964582998288,1.620964582998288,1.3002812596381332,1912.6837631857964,1566.1930346185404,773.0909503870785,598.808881840064,3085.80943684279,2526.02313124699,1241.6746711716619,960.411539771268,1.6170389619787855,1.6170389619787855,1.2909865828988072,3078.393157510417,2519.955266338685,1238.712373233788,958.1255559429655,3077.3913387302005,2519.1355964275986,1238.3122149369174,957.8167566882682
10,815423032,2023-06-06,HEL,NRT,AY73,7831.487310198503,12683.912738616733,48.0415325,62.56460052507836,1.6196045829122638,1.6196045829122638,1.3023023469344646,0.5069928784609309,1.620415545453522,1.620415545453522,1.2935113142448402,1912.6837631857964,1566.1930346185404,773.0909503870785,598.808881840064,3084.772195658347,2525.174479368809,1241.2603640394666,960.0918219629951,1.616773818185982,1.616773818185982,1.2934384433865307,3077.892248120309,2519.5454313831415,1238.5122940853526,957.9711563156169,3083.24012603059,2523.92096785519,1240.6484066824707,959.6195789101213
18,815903850,2023-06-08,HEL,NRT,AY73,7831.487310198503,12690.830007505288,48.0415325,62.00934337045204,1.6204878466672272,1.6204878466672272,1.2907444901024343,0.5088873482952279,1.6232826122350636,1.6232826122350636,1.2966216233158154,1912.6837631857964,1566.1930346185404,773.0909503870785,598.808881840064,3090.1886553753816,2529.606128228201,1243.4238703923504,961.7613841200924,1.617717406428076,1.617717406428076,1.2963930779025086,3079.6748740904027,2521.003943540491,1239.2243316177253,958.520630513785,3084.908787039492,2525.2862359533824,1241.3149229831856,960.1339247040584
29,817066213,2023-06-13,HEL,NRT,AY73,7831.487310198503,12937.5717684889,48.0415325,61.99516289250659,1.651994219749425,1.651994219749425,1.2904493188785473,0.5764638485839692,1.6233007145073632,1.6233007145073632,1.2982889610122479,1912.6837631857964,1566.1930346185404,773.0909503870785,598.808881840064,3090.2228541702366,2529.6341090603555,1243.437530479159,961.7719255099838,1.6184100164878639,1.6184100164878639,1.29498093095249,3080.983352327675,2522.074516643714,1239.7469794590904,958.9239540613534,3144.43059578433,2573.9858976537043,1265.0898272716065,978.4808458654643
39,818046133,2023-06-17,HEL,NRT,AY73,7831.487310198503,12757.795639796555,48.0415325,62.21034288521056,1.6290386658971918,1.6290386658971918,1.2949283598563504,0.5272275881144902,1.6271534292726415,1.6271534292726415,1.2953353827621574,1912.6837631857964,1566.1930346185404,773.0909503870785,598.808881840064,3097.5013990795164,2535.589282167948,1246.3448129059907,964.0154542675318,1.6306955497763054,1.6306955497763054,1.294498718638482,3104.1931696181373,2541.0643671540925,1249.0177189790875,966.0781164932147,3101.062986238803,2538.503308025546,1247.7674241406376,965.1132730368005
48,818709803,2023-06-20,HEL,NRT,AY73,7831.487310198503,12663.219225966608,48.0415325,62.53887951734123,1.616962235190755,1.616962235190755,1.3017669558593126,0.5013254342552899,1.6261124973824028,1.6261124973824028,1.2963089445991294,1912.6837631857964,1566.1930346185404,773.0909503870785,598.808881840064,3095.534871585998,2533.980305127797,1245.5593192537501,963.409294514558,1.6405164428233086,1.6405164428233086,1.292688839367449,3122.7467910115665,2556.2446028396253,1256.4286257061221,971.7970594511324,3078.24820533865,2519.8366691072392,1238.6544747242697,958.0808760832023
58,819671543,2023-06-24,HEL,NRT,AY73,7831.487310198503,12686.673473584618,48.0415325,63.02159652589044,1.6199571002386075,1.6199571002386075,1.3118148661450473,0.507748975874724,1.6207360002691322,1.6207360002691322,1.2466920848172574,1912.6837631857964,1566.1930346185404,773.0909503870785,598.808881840064,3085.3775985778243,2525.6698090301998,1241.5021812283262,960.2784305333454,1.632665040279124,1.632665040279124,1.29571487819807,3107.9139291205947,2544.10862492883,1250.5039087121713,967.224998328489,3083.9061014135114,2524.4658568048526,1240.9144184405352,959.8248582540047
62,820137374,2023-06-26,HEL,NRT,AY73,7831.487310198503,13052.827230315785,48.0415325,61.54465124625563,1.6667111511906332,1.6667111511906332,1.281071773600387,0.6080294851360271,1.6239490358784292,1.6239490358784292,1.2973604030686523,1912.6837631857964,1566.1930346185404,773.0909503870785,598.808881840064,3091.447662260749,2530.636224770775,1243.926757801676,962.1494586856105,1.6219860004421847,1.6219860004421847,1.3028367272869035,3087.739097663655,2527.601944645879,1242.4454391018141,961.0063357913357,3172.2338080509116,2596.7339804172716,1276.1953148985424,987.0508701010442
65,820357910,2023-06-27,HEL,NRT,AY73,7831.487310198503,13142.867605667076,48.0415325,61.40674812566324,1.6782083766581428,1.6782083766581428,1.2782012756496317,0.6326893296093304,1.6287003820242298,1.6287003820242298,1.295550555349956,1912.6837631857964,1566.1930346185404,773.0909503870785,598.808881840064,3100.4239006818784,2537.9804198426077,1247.5121530346614,964.9162821762144,1.6345434955399984,1.6345434955399984,1.2982178652015823,3111.4627049343576,2547.0121687764545,1251.9214026877823,968.3188681460837,3193.954354988765,2614.5053370027877,1284.8711924538325,993.7459818702404
71,820839193,2023-06-29,HEL,NRT,AY73,7831.487310198503,12711.272490615376,48.0415325,62.60861445774356,1.6230981405105778,1.6230981405105778,1.3032185111443635,0.5144860416833454,1.6336511814876211,1.6336511814876211,1.2938156273799235,1912.6837631857964,1566.1930346185404,773.0909503870785,598.808881840064,3109.776946112567,2545.632911558626,1251.2480569765785,967.799252145617,1.6454597158195345,1.6454597158195345,1.2932137178135945,3132.0856174479595,2563.8854608330375,1260.158850129295,974.6756465771228,3089.8401515766413,2529.3209887565044,1243.2846668863763,961.6539617844012
80,821334398,2023-07-01,HEL,NRT,AY73,7831.487310198503,12695.367466408095,48.0415325,62.32460931637109,1.62106723327964,1.62106723327964,1.2973068524900009,0.5101300467003675,1.6326875340794416,1.6326875340794416,1.294610407219183,1912.6837631857964,1566.1930346185404,773.0909503870785,598.808881840064,3107.956424385821,2544.1433937821967,1250.5208826732246,967.2380970110943,1.6469936921494903,1.6469936921494903,1.2935766066348573,3134.9836040074574,2566.256540745354,1261.3163981698217,975.5689180024226,3086.0033636524013,2526.181798636672,1241.752131709819,960.471315506617
86,821746174,2023-07-03,HEL,NRT,AY73,7831.487310198503,12666.36105923368,48.0415325,62.41297730050026,1.6173634148316878,1.6173634148316878,1.2991462605923376,0.5021859051209964,1.6309646008972005,1.6309646008972005,1.2944762342116307,1912.6837631857964,1566.1930346185404,773.0909503870785,598.808881840064,3104.701460728597,2541.4802416990137,1249.220746621504,966.2347914519785,1.6418084003755204,1.6418084003755204,1.294322655805886,3125.187555936446,2558.2415923236176,1257.4035448778213,972.5493975032616,3079.006113517977,2520.456775799416,1238.957207366353,958.3144926668868
76,821960858,2023-07-04,HEL,NRT,AY73,7831.487310198503,11882.543404588803,48.0415325,63.13947341605417,1.5172780001973365,1.5172780001973365,1.314268511647795,0.2875175257016406,1.6326918141260718,1.6326918141260718,1.2946704349948728,1912.6837631857964,1566.1930346185404,773.0909503870785,598.808881840064,3107.9645102456648,2544.1500094857056,1250.524112422924,967.2405893855065,1.6469936921494903,1.6469936921494903,1.2935766066348573,3134.9836040074574,2566.256540745354,1261.3163981698217,975.5689180024226,2889.9248475635763,2365.753921836724,1163.4321335220668,900.0323410871923
90,822928046,2023-07-08,HEL,NRT,AY73,7831.487310198503,12643.481922205863,48.0415325,62.37056263308628,1.61444198546309,1.61444198546309,1.2982633856046597,0.49591987214869726,1.622944587824359,1.622944587824359,1.297008448213456,1912.6837631857964,1566.1930346185404,773.0909503870785,598.808881840064,3089.550059994296,2529.083641098222,1243.168795078201,961.5645443506385,1.611403033095477,1.611403033095477,1.2984282823048257,3067.745766259872,2511.2437644064207,1234.4594663876896,954.8436185830675,3073.486952055451,2515.9410982391673,1236.7526786685373,956.6132738638072
98,823373504,2023-07-10,HEL,NRT,AY73,7831.487310198503,12679.441772210244,48.0415325,62.357107633055605,1.6190336867045068,1.6190336867045068,1.2979833154376497,0.5057683907153032,1.6230506974895265,1.6230506974895265,1.2967650467975722,1912.6837631857964,1566.1930346185404,773.0909503870785,598.808881840064,3089.7505222683762,2529.247655686106,1243.2488660888137,961.6263345686434,1.5925376584429385,1.5925376584429385,1.3022462525836984,3032.1053191973515,2482.0833986279945,1220.223537816694,943.8578557811257,3082.161589481727,2523.038528860666,1240.2176048677827,959.2871322750314
107,824133175,2023-07-13,HEL,NRT,AY73,7831.487310198503,12752.396734356738,48.0415325,62.16538751559525,1.628349281464073,1.628349281464073,1.2939925993325725,0.5257489606881547,1.6229295174926328,1.6229295174926328,1.2973682822421735,1912.6837631857964,1566.1930346185404,773.0909503870785,598.808881840064,3089.521589138562,2529.0603467617125,1243.15742291253,961.555768532891,1.5920292717991553,1.5920292717991553,1.3024153683206106,3031.144875654683,2481.2975811839933,1219.839906106185,943.5618099732294,3099.760601852231,2537.437720800169,1247.2472103771374,964.7118278494622
114,824627175,2023-07-15,HEL,NRT,AY73,7831.487310198503,12659.371046753062,48.0415325,62.63285195895067,1.61647086247174,1.61647086247174,1.3037230225524272,0.5002715126057942,1.623346422413513,1.623346422413513,1.2971086143260504,1912.6837631857964,1566.1930346185404,773.0909503870785,598.808881840064,3090.3092055011525,2529.7047601492864,1243.472021948269,961.7985423264735,1.6206083178772233,1.6206083178772233,1.2967464334582939,3085.1363811298033,2525.472449300001,1241.405831304486,960.2040779961003,3077.3199044857615,2519.077150227603,1238.2836818267806,957.7947378941726
118,825064512,2023-07-17,HEL,NRT,AY73,7831.487310198503,12802.9335651393,48.0415325,62.24895815944445,1.6348023125143505,1.6348023125143505,1.2957321492490783,0.5395897558026738,1.6206138564690755,1.6206138564690755,1.2981296684548105,1912.6837631857964,1566.1930346185404,773.0909503870785,598.808881840064,3085.1468446320314,2525.4810103472782,1241.4100107602055,960.2073032517586,1.6195739540258525,1.6195739540258525,1.2984905807318272,3083.182261968793,2523.8736245319014,1240.6252939350595,959.6017429706184,3111.951661705329,2547.41222431634,1252.116707579824,968.4695835144087
123,825313522,2023-07-18,HEL,NRT,AY73,7831.487310198503,12687.785877230846,48.0415325,62.58654525994586,1.6200991426888045,1.6200991426888045,1.3027591336713884,0.5080536358764232,1.6216273176151665,1.6216273176151665,1.2979584170829723,1912.6837631857964,1566.1930346185404,773.0909503870785,598.808881840064,3087.061474422981,2527.0475256307827,1242.1747748187495,960.7974661276622,1.6246640357886677,1.6246640357886677,1.2978577716429318,3092.7984393812626,2531.7414060511946,1244.4663011628813,962.5658203832688,3084.174447869392,2524.6854129960284,1241.0216045533105,959.9075729996384
131,825825681,2023-07-20,HEL,NRT,AY73,7831.487310198503,12033.957126018424,48.0415325,42.805474463948535,1.5366119677353345,1.5366119677353345,0.8910097625205552,0.3289860203298674,1.6209887802431389,1.6209887802431389,1.2985177580697609,1912.6837631857964,1566.1930346185404,773.0909503870785,598.808881840064,3085.8551502537375,2526.0605331286743,1241.692930562512,960.4256304107221,1.6249303997847422,1.6249303997847422,1.2990517262013666,3093.301653978179,2532.1531270850355,1244.6673010842633,962.7209305644205,2926.4505598400506,2395.638595517476,1178.021665187045,911.2909768315033
136,826337252,2023-07-22,HEL,NRT,AY73,7831.487310198503,12754.448499312455,48.0415325,62.748728128783085,1.6286112706462612,1.6286112706462612,1.306135022415929,0.5263108886510974,1.6153636594092855,1.6153636594092855,1.2713505583664806,1912.6837631857964,1566.1930346185404,773.0909503870785,598.808881840064,3075.228177559492,2517.365737287928,1237.4481795374809,957.1499868387742,1.6072667133748606,1.6072667133748606,1.2174433334652044,3059.931435150553,2504.8502207715233,1231.3381739048195,952.4349398178371,3100.255551555097,2537.8426796479685,1247.4449090368619,964.8643904709423
145,827038303,2023-07-25,HEL,NRT,AY73,7831.487310198503,12663.453737971062,48.0415325,62.61337864723159,1.6169921799503093,1.6169921799503093,1.3033176792857637,0.5013896613260278,1.6161402617729859,1.6161402617729859,1.2716417628035883,1912.6837631857964,1566.1930346185404,773.0909503870785,598.808881840064,3076.695333973922,2518.5661379906433,1238.0342084916538,957.6022211312902,1.607319111211298,1.607319111211298,1.2198718180818755,3060.030425091126,2504.931212541083,1231.3777136367642,952.465452342133,3078.304776948669,2519.8829549699817,1238.677071225317,958.0983136391312
152,827540321,2023-07-27,HEL,NRT,AY73,7831.487310198503,12744.964202015695,48.0415325,62.66811145021598,1.627400223890889,1.627400223890889,1.304456960239892,0.5237133728659379,1.6159426004204325,1.6159426004204325,1.271075283679636,1912.6837631857964,1566.1930346185404,773.0909503870785,598.808881840064,3076.321912342932,2518.2606112016515,1237.8850520106391,957.4871181569653,1.6005786402551774,1.6005786402551774,1.2008053994734091,3047.2963340533024,2494.5124107828638,1226.2913125006335,948.5403134853038,3097.967643227272,2535.970754652475,1246.5310456536454,964.1591687278485
158,828033376,2023-07-29,HEL,NRT,AY73,7831.487310198503,12825.517878153469,48.0415325,62.07344300266254,1.637686095903076,1.637686095903076,1.292078744629192,0.5457750437281514,1.6133218719337827,1.6133218719337827,1.2726342961222696,1912.6837631857964,1566.1930346185404,773.0909503870785,598.808881840064,3071.3708346880226,2514.209729483998,1235.907434060979,955.9610047320855,1.6024039105556984,1.6024039105556984,1.201229856115535,3050.744632892772,2497.333746196975,1227.6686727757171,949.6032124173563,3117.399702420058,2551.8697121738455,1254.2928283880367,970.1488801551703
165,828491745,2023-07-31,HEL,NRT,AY73,7831.487310198503,12656.508494608866,48.0415325,62.40812526187212,1.6161053441441462,1.6161053441441462,1.299045263842741,0.49948752997136847,1.6106203865501116,1.6106203865501116,1.273559460720907,1912.6837631857964,1566.1930346185404,773.0909503870785,598.808881840064,3066.2671911834423,2510.0340211620687,1233.8688764565927,954.3878646177475,1.6276724425976337,1.6276724425976337,1.3014971016426942,3098.4819185377737,2536.3915253610676,1246.736463575965,964.317688248273,3076.629367624187,2518.5121655226785,1238.0078594326403,957.581887753602
167,828744419,2023-08-01,HEL,NRT,AY73,7831.487310198503,12697.807797858432,48.0415325,61.93952180933463,1.6213788383877985,1.6213788383877985,1.28929113177925,0.5107983934702895,1.610154200125683,1.610154200125683,1.2732812442341321,1912.6837631857964,1566.1930346185404,773.0909503870785,598.808881840064,3065.3864722532785,2509.3134329464806,1233.5170892930105,954.1163930156943,1.624545960972105,1.624545960972105,1.2997246619993972,3092.575372555046,2531.5588968297448,1244.3772011749097,962.497062568938,3086.5920477133473,2526.6634492319913,1241.9872708546175,960.6527706788121
79,829238266,2023-08-03,HEL,NRT,AY73,7831.487310198503,12722.599595135323,48.0415325,61.859090019451415,1.6245444947050354,1.6245444947050354,1.287616918120824,0.5175882570473416,1.6236226357823036,1.6236226357823036,1.2967869739720534,1912.6837631857964,1566.1930346185404,773.0909503870785,598.808881840064,3090.8310275232247,2530.131705440073,1243.6804542673128,961.9593880349817,1.606194839122019,1.606194839122019,1.2985627661472634,3057.9064513763274,2503.193415865339,1230.5293309540918,951.8107615806114,3092.572602484754,2531.556630408597,1244.3760947206965,962.4962087262485
85,829722090,2023-08-05,HEL,NRT,AY73,7831.487310198503,12726.125397852216,48.0415325,61.93601571520248,1.6249947032768222,1.6249947032768222,1.289218151298618,0.5185538877025105,1.570911247451186,1.570911247451186,1.3009427148843096,1912.6837631857964,1566.1930346185404,773.0909503870785,598.808881840064,2991.248725024165,2448.655276122661,1203.9041141213818,931.2642749067204,1.6245444947050354,1.6245444947050354,1.287616918120824,3092.572602484754,2531.556630408597,1244.3760947206965,962.4962087262485,3093.4231360715708,2532.252521525083,1244.7158248977032,962.7583760392303
92,830158650,2023-08-07,HEL,NRT,AY73,7831.487310198503,12676.058664284888,48.0415325,61.91062476858019,1.6186016987830107,1.6186016987830107,1.2886896305520683,0.5048418406542868,1.621327061148316,1.621327061148316,1.2916994850080339,1912.6837631857964,1566.1930346185404,773.0909503870785,598.808881840064,3086.494230203926,2526.5834167242824,1241.948199428979,960.6226195430953,1.6247695989909288,1.6247695989909288,1.2884175347097209,3092.9978692781624,2531.90457596684,1244.5459598091998,962.6272923827394,3081.345478329349,2522.3708015541747,1239.89162410635,959.0355752863012
95,830389794,2023-08-08,HEL,NRT,AY73,7831.487310198503,12023.12525131502,48.0415325,42.82619039502472,1.5352288492708126,1.5352288492708126,0.8914409713100789,0.32601943623358687,1.6206457205569897,1.6206457205569897,1.2909470213940426,1912.6837631857964,1566.1930346185404,773.0909503870785,598.808881840064,3085.2070422352817,2525.5302629317557,1241.434055598322,960.2258584788968,1.622713632254956,1.622713632254956,1.2885082333238367,3089.113738961891,2528.726651162618,1242.9945145749166,961.4300533505933,2923.8375738101468,2393.5006978566453,1176.9779554262368,910.4855535808084
104,830982229,2023-08-10,HEL,NRT,AY73,7831.487310198503,12661.24110319325,48.0415325,62.34419998703824,1.616709649354246,1.616709649354246,1.2977146386210356,0.5007836750750355,1.6044806865480374,1.6044806865480374,1.210989797343848,1912.6837631857964,1566.1930346185404,773.0909503870785,598.808881840064,3054.6680760355093,2500.543836041033,1229.2358208037538,950.8125691815239,1.6008424365089202,1.6008424365089202,1.1892414178203974,3047.794697673955,2494.920162836125,1226.4903747877465,948.6939284081471,3077.771020427105,2519.446245088702,1238.4638718874423,957.9337892567743
110,831489959,2023-08-12,HEL,NRT,AY73,7831.487310198503,12681.272789272509,48.0415325,62.41438722664728,1.6192674886618796,1.6192674886618796,1.2991756086600126,0.5062698612590149,1.6080714461423333,1.6080714461423333,1.2247788182058663,1912.6837631857964,1566.1930346185404,773.0909503870785,598.808881840064,3061.4517354958593,2506.0941028722286,1231.9454302359277,952.9035551231375,1.6040158790779855,1.6040158790779855,1.210936061980525,3053.7899622245855,2499.825379286641,1228.8850742076859,950.5419005778726,3082.6032879074587,2523.399918481719,1240.3940332730608,959.4232807954628
117,831941737,2023-08-14,HEL,NRT,AY73,7831.487310198503,12793.135714298964,48.0415325,62.30619637234754,1.6335512282116815,1.6335512282116815,1.2969235811190565,0.5369063654130551,1.6105208784984526,1.6105208784984526,1.2439464425559548,1912.6837631857964,1566.1930346185404,773.0909503870785,598.808881840064,3066.0792006710476,2509.880210742837,1233.793787064426,954.3299186785576,1.6029604778693542,1.6029604778693542,1.2132478000883626,3051.796099309126,2498.194036901265,1228.0886619181586,949.9273149917154,3109.5881144829036,2545.4784129525374,1251.1726316154118,967.7410469415872
121,832179942,2023-08-15,HEL,NRT,AY73,7831.487310198503,12674.604894010608,48.0415325,62.364867592490526,1.618416067342047,1.618416067342047,1.298144841497105,0.5044436887282893,1.6137968096943975,1.6137968096943975,1.2500260746092442,1912.6837631857964,1566.1930346185404,773.0909503870785,598.808881840064,3072.2680866338196,2514.943844712378,1236.2658250370562,956.2375724483326,1.604671782856326,1.604671782856326,1.2147888860524503,3055.0290949913924,2500.8392151867556,1229.3800232617002,950.9238491721867,3080.99478359539,2522.083869499117,1239.751545471138,958.9274776197257
127,832675751,2023-08-17,HEL,NRT,AY73,7831.487310198503,12668.149566319364,48.0415325,62.16781241910311,1.6175917887043434,1.6175917887043434,1.294043074481504,0.5026757332275571,1.6146215634808692,1.6146215634808692,1.2547415624099265,1912.6837631857964,1566.1930346185404,773.0909503870785,598.808881840064,3073.82621066834,2516.218673467895,1236.8881893531175,956.7178464760186,1.6046346565681333,1.6046346565681333,1.2166799282414575,3054.9589560446007,2500.781828775744,1229.3520075346578,950.9022296388716,3079.4375572114504,2520.8097751849846,1239.1295397052802,958.4474802826306
135,833178463,2023-08-19,HEL,NRT,AY73,7831.487310198503,12707.294078995556,48.0415325,62.76160469156267,1.6225901384590848,1.6225901384590848,1.3064030522249197,0.5133964525805369,1.6059651889758195,1.6059651889758195,1.2215214828956589,1912.6837631857964,1566.1930346185404,773.0909503870785,598.808881840064,3057.4725965481425,2502.8384437331874,1230.356035531243,951.6770307599918,1.6211072444548396,1.6211072444548396,1.2972003488757426,3086.0789527248617,2526.2436442414123,1241.7823243904666,960.4946149792362,3088.8804346053457,2528.53576577999,1242.9013253915919,961.3581399338741
140,833636410,2023-08-21,HEL,NRT,AY73,7831.487310198503,12662.51408675437,48.0415325,62.290356840048425,1.6168721962001642,1.6168721962001642,1.2965938761434894,0.5011323139663311,1.608059945429213,1.608059945429213,1.2288762710684755,1912.6837631857964,1566.1930346185404,773.0909503870785,598.808881840064,3061.4300083600515,2506.0763261247494,1231.936751726568,952.896857980424,1.6222833422758072,1.6222833422758072,1.2989380315965195,3088.3008355605093,2528.0615483796696,1242.6698150912964,961.179485114656,3078.078103767024,2519.6974950940903,1238.5865307442396,958.0284442067209
146,833872587,2023-08-22,HEL,NRT,AY73,7831.487310198503,12696.14198262608,48.0415325,62.12212934555713,1.6211661309969323,1.6211661309969323,1.2930921665656092,0.5103421676450333,1.6149209041204382,1.6149209041204382,1.265801311210031,1912.6837631857964,1566.1930346185404,773.0909503870785,598.808881840064,3074.3917247074046,2516.6813667725837,1237.1140736539483,956.8921597522643,1.621804283783464,1.621804283783464,1.2984216850932149,3087.3957987324225,2527.321063702144,1242.3083145855321,960.9005177969077,3086.1902011217157,2526.33466565702,1241.826760539892,960.5289060333802
153,834378973,2023-08-24,HEL,NRT,AY73,7831.487310198503,12788.402594850795,48.0415325,62.420569580146896,1.6329468577695556,1.6329468577695556,1.2993042963428965,0.5356100803963609,1.6152804884148042,1.6152804884148042,1.2676307964371412,1912.6837631857964,1566.1930346185404,773.0909503870785,598.808881840064,3075.071050999297,2517.237179193223,1237.3854181898575,957.1015543621231,1.6193272643405145,1.6193272643405145,1.2976554021825255,3082.7162160601856,2523.4923142430407,1240.4391403704285,959.4580896152664,3108.4463384437067,2544.544232556831,1250.716569936119,967.3891074522325
160,834855871,2023-08-26,HEL,NRT,AY73,7831.487310198503,12665.57348009021,48.0415325,61.622255957772985,1.6172628491138012,1.6172628491138012,1.2826871407104463,0.5019702065622927,1.6177849869674932,1.6177849869674932,1.2711383869432542,1912.6837631857964,1566.1930346185404,773.0909503870785,598.808881840064,3079.8025471783703,2521.1084033397374,1239.275328311385,958.5599842923205,1.622233422426016,1.622233422426016,1.2978872931516838,3088.2065270298485,2527.984386854583,1242.6321452634245,961.1504155817676,3078.8161248635956,2520.30133053674,1238.8813198526996,958.2559308231357
166,835302872,2023-08-28,HEL,NRT,AY73,7831.487310198503,12671.195166899906,48.0415325,62.00443300850469,1.6179806804256611,1.6179806804256611,1.29064227933413,0.503509848327044,1.6177021061639723,1.6177021061639723,1.2715664068446757,1912.6837631857964,1566.1930346185404,773.0909503870785,598.808881840064,3079.6459688466493,2520.980293795602,1239.212785943658,958.5117208008667,1.6221676345079075,1.6221676345079075,1.2956161063974723,3088.082240560277,2527.8826979249343,1242.5825012929083,961.1121056898686,3080.1722510652407,2521.410888338086,1239.4229998071069,958.6739413142678
170,835525748,2023-08-29,HEL,NRT,AY73,7831.487310198503,12673.812157544293,48.0415325,62.22155293773748,1.6183148430873282,1.6183148430873282,1.2951617007167178,0.504226577705691,1.6173830610950055,1.6173830610950055,1.2717836315129432,1912.6837631857964,1566.1930346185404,773.0909503870785,598.808881840064,3079.043229219131,2520.4871431912684,1238.972032558348,958.325933159998,1.6212457429012228,1.6212457429012228,1.2924639518193142,3086.3406038522567,2526.4577224365535,1241.8868361760112,960.5752659659473,3080.803550833879,2521.927406330608,1239.6751610215115,958.8685322940895
177,835998937,2023-08-31,HEL,NRT,AY73,7831.487310198503,12713.762456722974,48.0415325,62.21816893092254,1.6234160834515508,1.6234160834515508,1.295091261522986,0.5151679821652415,1.6163068803830194,1.6163068803830194,1.271954906851139,1912.6837631857964,1566.1930346185404,773.0909503870785,598.808881840064,3077.010109686565,2518.823681755533,1238.1599399268741,957.6992471677157,1.6215342722786557,1.6215342722786557,1.29217751673396,3086.8856932656277,2526.903704683857,1242.1045622314657,960.7432835834211,3090.440809065048,2529.812435792474,1243.5245885990753,961.8391076295493
75,836488298,2023-09-02,HEL,NRT,AY73,7831.487310198503,12665.625494050202,48.0415325,61.86973209789542,1.617269490758987,1.617269490758987,1.287838436417394,0.5019844519067712,1.6326918141260718,1.6326918141260718,1.2946704349948728,1912.6837631857964,1566.1930346185404,773.0909503870785,598.808881840064,3107.9645102456648,2544.1500094857056,1250.524112422924,967.2405893855065,1.6469936921494903,1.6469936921494903,1.2935766066348573,3134.9836040074574,2566.256540745354,1261.3163981698217,975.5689180024226,3078.8286722530866,2520.311596582687,1238.8863316792972,958.2597984133622
81,836916102,2023-09-04,HEL,NRT,AY73,7831.487310198503,12011.811268679005,48.0415325,42.6564226446758,1.5337841706053337,1.5337841706053337,0.8879072008095453,0.3229208146308974,1.6209069927320112,1.6209069927320112,1.287727677269109,1912.6837631857964,1566.1930346185404,773.0909503870785,598.808881840064,3085.70063736892,2525.934113495642,1241.6312131999969,960.3780035698054,1.617269490758987,1.617269490758987,1.287838436417394,3078.8286722530866,2520.311596582687,1238.8863316792972,958.2597984133622,2921.1082883097165,2391.2676460835664,1175.8877919564627,909.6442823399088
87,837149262,2023-09-05,HEL,NRT,AY73,7831.487310198503,12072.019372937084,48.0415325,42.715163632786094,1.5414721233368247,1.5414721233368247,0.8891299134303448,0.33941033370768997,1.5920161215470479,1.5920161215470479,1.1549879295085193,1912.6837631857964,1566.1930346185404,773.0909503870785,598.808881840064,3031.1200322114582,2481.2772547304457,1219.8299828444879,943.5541522641672,1.5755268306821604,1.5755268306821604,1.0878728186134696,2999.9684802814013,2455.7896213331264,1207.38706181788,933.9520403766355,2935.632360976834,2403.1509782657536,1181.6891687092943,914.1211626932675
93,837637132,2023-09-07,HEL,NRT,AY73,7831.487310198503,12702.43358475457,48.0415325,61.9144660724144,1.6219695035721895,1.6219695035721895,1.288769588530807,0.5120652827405794,1.577781870871039,1.577781870871039,1.0883912953023382,1912.6837631857964,1566.1930346185404,773.0909503870785,598.808881840064,3004.2286999672465,2459.275255621545,1209.088729112851,935.2652046832098,1.5641752615670486,1.5641752615670486,1.021625183552428,2978.5231071798794,2438.243406977336,1198.8210974483516,927.3417478155129,3087.7079317932394,2527.5764452973576,1242.4329904615288,960.9967292659378
101,838129994,2023-09-09,HEL,NRT,AY73,7831.487310198503,12716.876001564906,48.0415325,61.67926397506896,1.6238136509529215,1.6238136509529215,1.2838737809845877,0.5160207055269905,1.5699448275088295,1.5699448275088295,1.0490172220996339,1912.6837631857964,1566.1930346185404,773.0909503870785,598.808881840064,2989.4229654286046,2447.1614728172017,1203.1748476465639,930.7015052586569,1.5786238220683337,1.5786238220683337,1.0884112847970226,3005.8193133332193,2460.576666557341,1209.7240707016458,935.7554931781191,3091.191893193901,2530.426959170626,1243.8245954982704,962.0706207772213
111,838800410,2023-09-12,HEL,NRT,AY73,7831.487310198503,12675.708901875332,48.0415325,61.91859330818422,1.618557037737707,1.618557037737707,1.288855498275044,0.5047460493319094,1.5963265824631974,1.5963265824631974,1.176344166779104,1912.6837631857964,1566.1930346185404,773.0909503870785,598.808881840064,3039.263350694477,2487.9399698529155,1223.0826833521937,946.0642376488478,1.5876617878452515,1.5876617878452515,1.1275037840345357,3022.8938293053557,2474.5467250799984,1216.544175660971,941.0185186979396,3081.2611047269043,2522.3017686067196,1239.857922604919,959.0095680821385
119,839278233,2023-09-14,HEL,NRT,AY73,7831.487310198503,12072.129494491057,48.0415325,42.85506489415391,1.541486184721286,1.541486184721286,0.8920420033260575,0.33944049329313747,1.5986310293108066,1.5986310293108066,1.1747568570809683,1912.6837631857964,1566.1930346185404,773.0909503870785,598.808881840064,3043.616909390941,2491.50197242275,1224.8216332178836,947.4061726447749,1.6014530788999106,1.6014530788999106,1.1876571953051958,3048.9483226727198,2495.8640378351142,1226.9511693185032,949.0495202046412,2935.658925730397,2403.172713064123,1181.6997795171096,914.129350976681
126,839765012,2023-09-16,HEL,NRT,AY73,7831.487310198503,12802.099756615897,48.0415325,62.29057814255617,1.634695843782374,1.634695843782374,1.2965984826265933,0.5393613961537118,1.589596028628412,1.589596028628412,1.1395701579088606,1912.6837631857964,1566.1930346185404,773.0909503870785,598.808881840064,3026.547995072434,2477.536497071244,1218.0037657372525,942.1448737710303,1.601456594246026,1.601456594246026,1.188385217779124,3048.95496386111,2495.8694715347065,1226.9538220204568,949.0515672754947,3111.75052108259,2547.247654715917,1252.0363656151728,968.4075842031382
133,840195029,2023-09-18,HEL,NRT,AY73,7831.487310198503,12088.242962564638,48.0415325,42.82435406255648,1.5435437080799204,1.5435437080799204,0.891402747457244,0.34385357592489885,1.5945155326857743,1.5945155326857743,1.156561997653542,1912.6837631857964,1566.1930346185404,773.0909503870785,598.808881840064,3035.841917253125,2485.140615219082,1221.7160539719262,945.0096196704764,1.604638179298572,1.604638179298572,1.1903424413030708,3054.965611183448,2500.787273889346,1229.3546658088678,950.9042810097947,2939.545996816655,2406.3530439528795,1183.2523993884956,915.3274964677578
138,840436868,2023-09-19,HEL,NRT,AY73,7831.487310198503,12099.42902960748,48.0415325,43.117892428767966,1.5449720532460136,1.5449720532460136,0.8975128432626075,0.3469171645924072,1.5899181852006627,1.5899181852006627,1.1312820704082538,1912.6837631857964,1566.1930346185404,773.0909503870785,598.808881840064,3027.156612948867,2478.0344571519618,1218.246867082214,942.3324733153287,1.5845706935803217,1.5845706935803217,1.0922246829212348,3017.0541370891365,2469.7687950849095,1214.211616781424,939.2184999324288,2942.244425086263,2408.560848900741,1184.3302374984582,916.1592563179069
144,840911217,2023-09-21,HEL,NRT,AY73,7831.487310198503,12060.400122213445,48.0415325,42.944286608953824,1.539988465091154,1.539988465091154,0.8938991821077694,0.3362281066831649,1.5853123602721566,1.5853123602721566,1.1091385792057922,1912.6837631857964,1566.1930346185404,773.0909503870785,598.808881840064,3018.4552930669647,2470.9151954304057,1214.7712830612045,939.6503903403674,1.5766509655134602,1.5766509655134602,1.0532823149895092,3002.092194688562,2457.527205848076,1208.235340924831,934.6066512095244,2932.829435292208,2400.8576754328774,1180.5695910068555,913.2571927024096
150,841395271,2023-09-23,HEL,NRT,AY73,7831.487310198503,12011.586719693569,48.0415325,43.06981703257322,1.5337554980203516,1.5337554980203516,0.8965121383788749,0.32285931618605107,1.5818931969068037,1.5818931969068037,1.090910153649467,1912.6837631857964,1566.1930346185404,773.0909503870785,598.808881840064,3011.9958130319596,2465.6301663108557,1212.1911612063132,937.6593290227593,1.5609372509841495,1.5609372509841495,0.9742910517560543,2972.4058608016226,2433.2383872133073,1196.3776746052183,925.4561761335787,2921.054120090637,2391.223326631592,1175.866155446228,909.6275856019255
157,841821409,2023-09-25,HEL,NRT,AY73,7831.487310198503,12096.757245481842,48.0415325,42.82991404736989,1.544630894023019,1.544630894023019,0.8915184803351118,0.34618542862676493,1.5790965067442013,1.5790965067442013,1.0764343163038281,1912.6837631857964,1566.1930346185404,773.0909503870785,598.808881840064,3006.7123087535488,2461.3072991739746,1210.0807614860162,936.0307488687605,1.5593911136439627,1.5593911136439627,0.9751850787666179,2969.4848996736705,2430.8485099268014,1195.210949791042,924.5558230586275,2941.5999074209117,2408.0335162654533,1184.0727966355366,915.9605910716266
162,842049944,2023-09-26,HEL,NRT,AY73,7831.487310198503,12649.734566949895,48.0415325,62.14265607119977,1.615240383582932,1.615240383582932,1.2935194369829848,0.4976323177747077,1.575514390931563,1.575514390931563,1.0620391026180305,1912.6837631857964,1566.1930346185404,773.0909503870785,598.808881840064,2999.944979116924,2455.770393107645,1207.3776747050233,933.9447964097441,1.5413781236920916,1.5413781236920916,0.8941690783083216,2935.454776941335,2403.0056822367083,1181.6182359951147,914.0664244323252,3074.9952849907436,2517.175188822588,1237.3551548353046,957.0782003509639
168,842518651,2023-09-28,HEL,NRT,AY73,7831.487310198503,12797.970009716955,48.0415325,62.17467164874743,1.6341685177796157,1.6341685177796157,1.29418585155974,0.5382303600396943,1.578210645862445,1.578210645862445,1.0780014674839398,1912.6837631857964,1566.1930346185404,773.0909503870785,598.808881840064,3005.0387412552886,2459.9380166753976,1209.412285377336,935.5148907052342,1.5557174587926939,1.5557174587926939,0.9745924162134697,2962.5446345761525,2425.17011121065,1192.4387870844764,922.4165652089664,3110.7542973217505,2546.4325625479573,1251.6384421470648,968.100509549584
175,842992594,2023-09-30,HEL,NRT,AY73,7831.487310198503,12061.542059828049,48.0415325,42.91400618876394,1.5401342787239127,1.5401342787239127,0.8932688853912797,0.3365408553124824,1.5817288980236224,1.5817288980236224,1.091795455325089,1912.6837631857964,1566.1930346185404,773.0909503870785,598.808881840064,3011.6854197449825,2465.3762081669656,1212.0671802513443,937.5636538192449,1.5735567516994144,1.5735567516994144,1.0539270178728963,2996.24660902325,2452.7444539400935,1205.900428014198,932.804815855302,2933.10490626244,2401.083060772158,1180.6796228773517,913.3421034986319
78,843425707,2023-10-02,HEL,NRT,AY73,7831.487310198503,12047.048666767198,48.0415325,42.80715160564548,1.538283622202772,1.538283622202772,0.8910446727661212,0.33257147138469845,1.617269490758987,1.617269490758987,1.287838436417394,1912.6837631857964,1566.1930346185404,773.0909503870785,598.808881840064,3078.8286722530866,2520.311596582687,1238.8863316792972,958.2597984133622,1.617269490758987,1.617269490758987,1.287838436417394,3078.8286722530866,2520.311596582687,1238.8863316792972,958.2597984133622,2929.608647800181,2398.2224856666735,1179.283106002938,912.2644215578504
82,843656707,2023-10-03,HEL,NRT,AY73,7831.487310198503,11993.968087828362,48.0415325,43.00271451920261,1.531505780799682,1.531505780799682,0.8951153779118642,0.3180340062077962,1.5631124278556976,1.5631124278556976,1.0222634366643535,1912.6837631857964,1566.1930346185404,773.0909503870785,598.808881840064,2976.5152027876616,2436.6005761109755,1198.0190765462328,926.7228341037071,1.538283622202772,1.538283622202772,0.8910446727661212,2929.608647800181,2398.2224856666735,1179.283106002938,912.2644215578504,2916.803956551047,2387.7459200992002,1174.1685048960396,908.3175209881598
89,844130012,2023-10-05,HEL,NRT,AY73,7831.487310198503,12684.41730267744,48.0415325,61.859154133849,1.6196690105287204,1.6196690105287204,1.287618252682697,0.5071310661485691,1.536261424236153,1.536261424236153,0.8907992912294689,1912.6837631857964,1566.1930346185404,773.0909503870785,598.808881840064,2925.7883134094445,2395.096757528798,1177.7571428911835,911.0868468947965,1.5348947015012269,1.5348947015012269,0.8930800253389928,2923.206302175614,2392.9842028829366,1176.7258054494887,910.290971273005,3083.3618426196313,2524.0205541553146,1240.6970241609342,959.6570966655501
97,844603172,2023-10-07,HEL,NRT,AY73,7831.487310198503,12643.976216124503,48.0415325,62.424149921786736,1.6145051016885348,1.6145051016885348,1.2993788223093576,0.49605524709699367,1.5705800080880379,1.5705800080880379,1.0503355610643668,1912.6837631857964,1566.1930346185404,773.0909503870785,598.808881840064,2990.622947948187,2448.14327669686,1203.654158846147,931.0713862341532,1.5631528045103913,1.5631528045103913,1.024592767786894,2976.5914823236194,2436.662986640396,1198.0495450199705,926.7463464038533,3073.606191165895,2516.0386575113484,1236.8003065632201,956.6500279646115
103,845027121,2023-10-09,HEL,NRT,AY73,7831.487310198503,12055.384311269596,48.0415325,42.73834943308816,1.539347997866325,1.539347997866325,0.8896125333447296,0.3348543994179493,1.5916244449574701,1.5916244449574701,1.1576334158642392,1912.6837631857964,1566.1930346185404,773.0909503870785,598.808881840064,3030.380077187316,2480.6718369834202,1219.534421263822,943.3260695365552,1.5759908788049273,1.5759908788049273,1.09328928141751,3000.8451595341885,2456.5069043581343,1207.737235405783,934.2222667940429,2931.619465246968,2399.8676999413174,1180.0862904717399,912.8842331856241
109,845253176,2023-10-10,HEL,NRT,AY73,7831.487310198503,12077.30680685192,48.0415325,42.72925686974791,1.5421472740081348,1.5421472740081348,0.8894232687050087,0.3408584318247184,1.5778541940064927,1.5778541940064927,1.091107239999893,1912.6837631857964,1566.1930346185404,773.0909503870785,598.808881840064,3004.3653327629377,2459.387046090747,1209.1433045988572,935.3073201898362,1.5686623026172068,1.5686623026172068,1.052553931802954,2987.0000206767445,2445.179063474771,1202.2070464189744,929.9546600723592,2936.90785495473,2404.1945642476676,1182.198641587965,914.514319217704
115,845715224,2023-10-12,HEL,NRT,AY73,7831.487310198503,12870.43263948862,48.0415325,61.81152845351474,1.6434212467826108,1.6434212467826108,1.286626908779705,0.5580760922828594,1.5720022606902677,1.5720022606902677,1.0630069179992603,1912.6837631857964,1566.1930346185404,773.0909503870785,598.808881840064,2993.309866152193,2450.34166431832,1204.7273994696793,931.8995982373767,1.5694350329782794,1.5694350329782794,1.0522296509907314,2988.4598621076543,2446.3734791909696,1202.7901535359797,930.4046396043299,3128.2345437673584,2560.734582367091,1258.6206087671003,973.4885968772785
122,846156105,2023-10-14,HEL,NRT,AY73,7831.487310198503,12683.943981468145,48.0415325,61.80750510986447,1.6196085723015297,1.6196085723015297,1.2865431615834584,0.5070014351095866,1.5765470284817527,1.5765470284817527,1.0688574820111763,1912.6837631857964,1566.1930346185404,773.0909503870785,598.808881840064,3001.895836951457,2457.3665495177174,1208.156909396885,934.5461261683998,1.5918181261748652,1.5918181261748652,1.1305319571642998,3030.7459795509167,2480.971211644548,1219.680574310192,943.4388547821536,3083.2476627808305,2523.927134287205,1240.6514171003223,959.6219020277379
128,846561141,2023-10-16,HEL,NRT,AY73,7831.487310198503,12064.24687732208,48.0415325,42.7216502207941,1.540479655966689,1.540479655966689,0.8892649338526847,0.3372816383053483,1.5824670634681968,1.5824670634681968,1.091400348403559,1912.6837631857964,1566.1930346185404,773.0909503870785,598.808881840064,3013.0799611699626,2466.5171966055855,1212.624204468254,937.9935053664334,1.5918060385294273,1.5918060385294273,1.1303169389444518,3030.723143583157,2480.9525276709264,1219.6714528980697,943.4318158545914,2933.7573926065747,2401.6169132355412,1180.9402466841282,913.5432249995938
132,846811927,2023-10-17,HEL,NRT,AY73,7831.487310198503,12738.32131890612,48.0415325,62.14341191735694,1.6265519963644357,1.6265519963644357,1.2935351701646267,0.5218940505486183,1.582366410592737,1.582366410592737,1.091122641456222,1912.6837631857964,1566.1930346185404,773.0909503870785,598.808881840064,3012.8898078575803,2466.3616166227275,1212.548251184956,937.9348927687247,1.5770009493850579,1.5770009493850579,1.0482941612531174,3002.7533838712925,2458.0681788157644,1208.499440922251,934.8104552615877,3096.3651726264848,2534.6596423427404,1245.89096790799,963.665225375049
139,847265849,2023-10-19,HEL,NRT,AY73,7831.487310198503,12656.70287501754,48.0415325,62.23482165388263,1.6161301645136337,1.6161301645136337,1.2954378933245445,0.4995407659849661,1.5753363349862806,1.5753363349862806,1.058089891068342,1912.6837631857964,1566.1930346185404,773.0909503870785,598.808881840064,2999.608596001885,2455.4951705589765,1207.2433125857776,933.8411101370685,1.5944417490846798,1.5944417490846798,1.1290786886170967,3035.702525347195,2485.0265672960486,1221.6603764095012,944.9666536994725,3076.676258241579,2518.5505305732718,1238.026589037201,957.5963412535652
147,847711599,2023-10-21,HEL,NRT,AY73,7831.487310198503,12803.77131783586,48.0415325,61.92306665222559,1.6349092848764797,1.6349092848764797,1.288948612374628,0.5398191956636661,1.578200841643095,1.578200841643095,1.0765394631380902,1912.6837631857964,1566.1930346185404,773.0909503870785,598.808881840064,3005.020219133827,2459.9228622123837,1209.404887052684,935.5091814717724,1.6092383271857797,1.6092383271857797,1.210281613541004,3063.6562060045653,2507.89776056117,1232.8259658993484,953.5830581066449,3112.153753785653,2547.5775723820598,1252.1974295869077,968.5318761016676
154,848125078,2023-10-23,HEL,NRT,AY73,7831.487310198503,12110.610073345208,48.0415325,42.81886257559407,1.5463997569879535,1.5463997569879535,0.8912884403842459,0.3499793775001816,1.581450262215075,1.581450262215075,1.0916400663061478,1912.6837631857964,1566.1930346185404,773.0909503870785,598.808881840064,3011.1590212521264,2464.9455184909925,1211.8569199442547,937.4013974656232,1.6075359348045535,1.6075359348045535,1.2107459542599885,3060.4400480082245,2505.2663585641635,1231.5413300633097,952.5917139515227,2944.9416415779974,2410.767662393978,1185.4075915857816,916.9906426512965
156,848349523,2023-10-24,HEL,NRT,AY73,7831.487310198503,12690.332263587035,48.0415325,62.57260916423109,1.6204242899124837,1.6204242899124837,1.3024690493424849,0.5087510284768824,1.581908211636275,1.581908211636275,1.0914535847544675,1912.6837631857964,1566.1930346185404,773.0909503870785,598.808881840064,3012.024178843969,2465.6533747024996,1212.2024914141782,937.6680724619723,1.5928941717418383,1.5928941717418383,1.131695010020146,3032.778843767658,2482.634464185518,1220.4925649604018,944.0654620762344,3084.788715681535,2525.1879957514175,1241.2669626623651,960.0969140724153
163,848788838,2023-10-26,HEL,NRT,AY73,7831.487310198503,12030.344069711891,48.0415325,42.88898529736108,1.5361506177818174,1.5361506177818174,0.892748067463524,0.3279964930622969,1.587078439525371,1.587078439525371,1.1169590634277657,1912.6837631857964,1566.1930346185404,773.0909503870785,598.808881840064,3021.7917682386324,2473.6450387526793,1216.1039774053422,940.6788208975433,1.6088830985309972,1.6088830985309972,1.214335833118106,3062.9851083826497,2507.3486806886935,1232.557908156049,953.3761998907987,2925.5789779659312,2394.9254830750147,1177.6735276543711,911.0223216231454
171,849248019,2023-10-28,HEL,NRT,AY73,7831.487310198503,12640.341742105784,48.0415325,62.61359209110691,1.6140410169144987,1.6140410169144987,1.3033221221888978,0.49505985404477443,1.5893496043496678,1.5893496043496678,1.1274564972666121,1912.6837631857964,1566.1930346185404,773.0909503870785,598.808881840064,3026.0824505696996,2477.155597023552,1217.817812450081,942.0013749683411,1.5908028228144737,1.5908028228144737,1.1341784125778855,3028.8278694505393,2479.4018488351485,1218.9144201053255,942.8476191404181,3072.7294426715666,2515.3213178341707,1236.4501053180425,956.3797802042858
176,849635499,2023-10-30,HEL,NRT,AY73,7831.487310198503,12069.282113295663,48.0415325,42.92382150727117,1.5411226035670798,1.5411226035670798,0.8934731944130044,0.3386606656084941,1.5865487881111016,1.5865487881111016,1.1149906680072,1912.6837631857964,1566.1930346185404,773.0909503870785,598.808881840064,3020.791151312675,2472.826352176896,1215.7042991673036,940.3703921007639,1.5903849932946466,1.5903849932946466,1.135755258350756,3028.0385063365366,2478.756006287328,1218.5991233614936,942.6043069305621,2934.9720485748635,2402.6107226641407,1181.425418926007,913.91762889891
178,849840549,2023-10-31,HEL,NRT,AY73,7831.487310198503,12040.034155445168,48.0415325,43.12078266494002,1.5373879415939438,1.5373879415939438,0.8975730044610883,0.33065036923932634,1.5813795706548497,1.5813795706548497,1.09272885372127,1912.6837631857964,1566.1930346185404,773.0909503870785,598.808881840064,3011.025470826737,2464.8362499611285,1211.8035756550225,937.3602320646154,1.5716276570327667,1.5716276570327667,1.0566601747584314,2992.602165294379,2449.7626363437444,1204.4447212293137,931.6814574900106,2927.9165288832864,2396.8380247346686,1178.6072198673828,911.7428451303415
88,850269397,2023-11-02,HEL,NRT,AY73,7831.487310198503,11979.30096373847,48.0415325,42.90298966215488,1.5296329406214453,1.5296329406214453,0.8930395728353353,0.314017041623672,1.536261424236153,1.536261424236153,0.8907992912294689,1912.6837631857964,1566.1930346185404,773.0909503870785,598.808881840064,2925.7883134094445,2395.096757528798,1177.7571428911835,911.0868468947965,1.5348947015012269,1.5348947015012269,0.8930800253389928,2923.206302175614,2392.9842028829366,1176.7258054494887,910.290971273005,2913.265788745828,2384.851055531294,1172.7552480965687,907.2269209686534
94,850726621,2023-11-04,HEL,NRT,AY73,7831.487310198503,12847.360468519484,48.0415325,61.89131010989815,1.6404751689744923,1.6404751689744923,1.2882875896995614,0.5517571920612581,1.5602692439832824,1.5602692439832824,1.0252577344766323,1912.6837631857964,1566.1930346185404,773.0909503870785,598.808881840064,2971.1438626388353,2432.205843261936,1195.873592384514,925.0671795407877,1.5296329406214453,1.5296329406214453,0.8930395728353353,2913.265788745828,2384.851055531294,1172.7552480965687,907.2269209686534,3122.668816497363,2556.180805509822,1256.3974802041419,971.7730246932032
102,851118947,2023-11-06,HEL,NRT,AY73,7831.487310198503,12085.603980518292,48.0415325,42.85163477282623,1.5432067373434792,1.5432067373434792,0.891970604243864,0.34313082364208297,1.6010705554532982,1.6010705554532982,1.192081059381738,1912.6837631857964,1566.1930346185404,773.0909503870785,598.808881840064,3048.2256597571795,2495.2727681769447,1226.6625147562163,948.8267675730045,1.5850540547979688,1.5850540547979688,1.0906635812674483,3017.9673026215955,2470.515930520558,1214.5763641503552,939.4999728309283,2938.9093920359423,2405.8321854959327,1182.9981191834722,915.1312702782483
105,851331709,2023-11-07,HEL,NRT,AY73,7831.487310198503,12044.490594729748,48.0415325,42.94321385671099,1.537956982838354,1.537956982838354,0.8938768524237021,0.33187087836352447,1.5734335892988551,1.5734335892988551,1.0524578244865697,1912.6837631857964,1566.1930346185404,773.0909503870785,598.808881840064,2996.013930738399,2452.554080797943,1205.8074889038285,932.7330954180679,1.5711049489798057,1.5711049489798057,1.0244325889262536,2991.6146657597114,2448.9546821790163,1204.0502824947275,931.377071980035,2928.9915610372364,2397.7175964969915,1179.036621915239,912.0742115755221
112,851776096,2023-11-09,HEL,NRT,AY73,7831.487310198503,12016.99449240851,48.0415325,42.92834571807981,1.5344460147128705,1.5344460147128705,0.8935673673207615,0.32434037214097294,1.5554611836087051,1.5554611836087051,0.957701736875367,1912.6837631857964,1566.1930346185404,773.0909503870785,598.808881840064,2962.0604797530114,2424.773984537171,1192.2454002431878,922.2673299864925,1.5628179574444427,1.5628179574444427,0.9917936548006157,2975.9588895790926,2436.14541075851,1197.7968673498556,926.5513568789067,2922.358643540543,2392.2906639996972,1176.3872236196848,910.0296901312289
125,852597460,2023-11-13,HEL,NRT,AY73,7831.487310198503,12111.797809851636,48.0415325,42.73515276657092,1.5465514186659188,1.5465514186659188,0.8895459936997413,0.35030466931965165,1.5738618671978646,1.5738618671978646,1.0404169156989245,1912.6837631857964,1566.1930346185404,773.0909503870785,598.808881840064,2996.823032919979,2453.2160734919626,1206.1306700593118,932.9824919711971,1.557143568898128,1.557143568898128,0.9721483973046448,2965.2388403713826,2427.3744614067473,1193.5149386038213,923.2470235293711,2945.228160669428,2411.002087105148,1185.5220364274155,917.0789589053311
129,852808370,2023-11-14,HEL,NRT,AY73,7831.487310198503,12058.19198020548,48.0415325,42.85601444701752,1.539706508175373,1.539706508175373,0.892061768575295,0.33562335089134443,1.5615446864280975,1.5615446864280975,0.9907620094573886,1912.6837631857964,1566.1930346185404,773.0909503870785,598.808881840064,2973.5534272392188,2434.177305207704,1196.8360491538717,925.80990044744,1.5405402883901556,1.5405402883901556,0.8922402044220172,2933.871939320787,2401.710633274442,1180.9860002864527,913.5785327225826,2932.296762566864,2400.421852293959,1180.3568245716754,913.0930023879215
134,853241291,2023-11-16,HEL,NRT,AY73,7831.487310198503,12030.817342336037,48.0415325,42.84817453770865,1.536211049805186,1.536211049805186,0.891898578333417,0.3281261107950014,1.5598897137403396,1.5598897137403396,0.9805722058683968,1912.6837631857964,1566.1930346185404,773.0909503870785,598.808881840064,2970.426854480696,2431.6192002234584,1195.5871965122572,924.8461699238612,1.539665231098129,1.539665231098129,0.892262995504875,2932.2187819535175,2400.3580499739487,1180.3256766335037,913.0689657500009,2925.6931460844776,2395.018893353825,1177.7191300335405,911.0575126483224
149,854063681,2023-11-20,HEL,NRT,AY73,7831.487310198503,11998.91425812287,48.0415325,42.815894272966965,1.5321373556332476,1.5321373556332476,0.8912266542073145,0.31938864061180855,1.5714343878992425,1.5714343878992425,1.037470000272316,1912.6837631857964,1566.1930346185404,773.0909503870785,598.808881840064,2992.237041439218,2449.4638986440673,1204.298879143985,931.5689122107921,1.539228747839837,1.539228747839837,0.8917684269823037,2931.394178215328,2399.6833741881574,1179.996303663079,912.8147910182009,2917.9971270995416,2388.7221505479683,1174.6450951776258,908.685302250977
151,854275075,2023-11-21,HEL,NRT,AY73,7831.487310198503,11921.317999014354,48.0415325,42.75154838022165,1.5222291152141556,1.5222291152141556,0.8898872736880666,0.29813693354305626,1.5575233461646847,1.5575233461646847,0.971442359371362,1912.6837631857964,1566.1930346185404,773.0909503870785,598.808881840064,2965.956315206288,2427.96148627167,1193.801520881627,923.4681769941076,1.5386515830699314,1.5386515830699314,0.8911832487039419,2930.303799105078,2398.7912458252254,1179.5607715525643,912.478694048138,2899.2784891374877,2373.4069013062876,1167.1682755825552,902.9154948109689
159,854677309,2023-11-23,HEL,NRT,AY73,7831.487310198503,12107.436902075931,48.0415325,42.81420355450133,1.5459945758079825,1.5459945758079825,0.8911914613569276,0.34911032392635744,1.5524481115737465,1.5524481115737465,0.9590933120628158,1912.6837631857964,1566.1930346185404,773.0909503870785,598.808881840064,2956.368187056187,2420.11665414886,1189.971717421672,920.5127454478406,1.5325710072069905,1.5325710072069905,0.8912685687010232,2918.8163812220923,2389.39244937551,1174.9723313413492,908.9378280245473,2944.1761736950925,2410.1413704897827,1185.1018393575532,916.7546958748898
172,855434520,2023-11-27,HEL,NRT,AY73,7831.487310198503,12023.780403010143,48.0415325,42.96050623277762,1.535312505372033,1.535312505372033,0.8942367988110624,0.3261988661709361,1.5556545566000932,1.5556545566000932,0.9789352110984924,1912.6837631857964,1566.1930346185404,773.0909503870785,598.808881840064,2962.4257998163457,2425.072882770808,1192.3913207003036,922.379935744651,1.534143024115143,1.534143024115143,0.8910509918964314,2921.78623400415,2391.822328924466,1176.1585850378187,909.8532513962896,2923.9956168335116,2393.630005784853,1177.0410828384104,910.5342685468172
173,855672246,2023-11-28,HEL,NRT,AY73,7831.487310198503,12083.77286406358,48.0415325,43.16765300039895,1.542972922694718,1.542972922694718,0.8985486256167816,0.3426293258772243,1.550607799236849,1.550607799236849,0.954162510567996,1912.6837631857964,1566.1930346185404,773.0909503870785,598.808881840064,2952.8914708165294,2417.272068134595,1188.5830063327635,919.4410871751054,1.5339183880068545,1.5339183880068545,0.8916355470158428,2921.361851691408,2391.4751070322227,1175.989073239036,909.7224403709131,2938.4676696336523,2405.4707762576954,1182.8216812011938,914.9951143673152
179,856187854,2023-11-30,HEL,NRT,AY73,7831.487310198503,12821.08207168817,48.0415325,62.45871681802109,1.637119689256471,1.637119689256471,1.3000983434077813,0.5445601854257379,1.5443562560680184,1.5443562560680184,0.9193590226457282,1912.6837631857964,1566.1930346185404,773.0909503870785,598.808881840064,2941.0810616690073,2407.609006104804,1183.8655531334975,915.8006627645766,1.536627279772222,1.536627279772222,0.8934660398682095,2926.4794873249357,2395.6622634596547,1178.033219744928,911.2998933999976,3116.329647545666,2550.994212731161,1253.8654144240038,969.8190478998534
91,856655248,2023-12-02,HEL,NRT,AY73,7831.487310198503,12713.39447960807,48.0415325,62.17238928891729,1.6233690965766026,1.6233690965766026,1.2941383435034526,0.515067202283018,1.5602692439832824,1.5602692439832824,1.0252577344766323,1912.6837631857964,1566.1930346185404,773.0909503870785,598.808881840064,2971.1438626388353,2432.205843261936,1195.873592384514,925.0671795407877,1.5296329406214453,1.5296329406214453,0.8930395728353353,2913.265788745828,2384.851055531294,1172.7552480965687,907.2269209686534,3090.352041507548,2529.739807790883,1243.4891320121876,961.8117460386723
96,857057041,2023-12-04,HEL,NRT,AY73,7831.487310198503,12797.859082726864,48.0415325,62.860434906210834,1.6341543535492853,1.6341543535492853,1.308460235031237,0.5381999798651017,1.597825735390847,1.597825735390847,1.158488502012783,1912.6837631857964,1566.1930346185404,773.0909503870785,598.808881840064,3042.0955489169137,2490.257222944,1224.2139534376329,946.9372305668431,1.6233690965766026,1.6233690965766026,1.2941383435034526,3090.352041507548,2529.739807790883,1243.4891320121876,961.8117460386723,3110.7275382718735,2546.4106687798767,1251.6277537311198,968.0922613765396
99,857269380,2023-12-05,HEL,NRT,AY73,7831.487310198503,12802.96154690942,48.0415325,62.646213504262825,1.6348058854972345,1.6348058854972345,1.304001147429317,0.5395974193213628,1.6326662063667934,1.6326662063667934,1.2969620560780837,1912.6837631857964,1566.1930346185404,773.0909503870785,598.808881840064,3107.9161320922617,2544.110427360194,1250.5047886491498,967.2256773694717,1.6287617250629438,1.6287617250629438,1.301299289267345,3100.539789889711,2538.07523828538,1247.5584428716536,964.9520037076059,3111.9584117810464,2547.417747105563,1252.1194037748403,968.471664148543
106,857791933,2023-12-07,HEL,NRT,AY73,7831.487310198503,12769.961128680265,48.0415325,62.63163082106357,1.630592073111153,1.630592073111153,1.3036976041732968,0.5305594163375904,1.594698611160991,1.594698611160991,1.1384894365263143,1912.6837631857964,1566.1930346185404,773.0909503870785,598.808881840064,3036.1877889267294,2485.4236011338494,1221.8542061233718,945.116230683505,1.6307764452077074,1.6307764452077074,1.302199908654669,3104.3459971868224,2541.1894078921073,1249.0787631727158,966.1252238545849,3103.997681605071,2540.9044224161294,1248.939634846596,966.0178595346417
113,858276813,2023-12-09,HEL,NRT,AY73,7831.487310198503,12696.31556189706,48.0415325,62.91423272388306,1.621188295276092,1.621188295276092,1.309580053964412,0.5103897067385724,1.5992207343809166,1.5992207343809166,1.1662902583136279,1912.6837631857964,1566.1930346185404,773.0909503870785,598.808881840064,3044.7309796238865,2492.4134844315236,1225.2666283166113,947.7495721341912,1.6307303521835688,1.6307303521835688,1.3025743325343258,3104.258918291385,2541.118161523113,1249.0439810911857,966.0983827745991,3086.2320738558983,2526.3689251668056,1241.8434858422386,960.5418128278653
120,858689921,2023-12-11,HEL,NRT,AY73,7831.487310198503,12090.16263089578,48.0415325,42.98889243540775,1.5437888298882187,1.5437888298882187,0.8948276667778603,0.3443793258709824,1.6130926197872064,1.6130926197872064,1.2355741252370793,1912.6837631857964,1566.1930346185404,773.0909503870785,598.808881840064,3070.9377317603303,2513.8553725431593,1235.7344389711113,955.8275056762485,1.6288219408020734,1.6288219408020734,1.303975476820343,3100.6535494042873,2538.1683142518514,1247.6038820413964,964.9870687852524,2940.009080693516,2406.73193076122,1183.4373698234008,915.4702368104834
124,858939001,2023-12-12,HEL,NRT,AY73,7831.487310198503,12079.03686964948,48.0415325,43.14842697814934,1.542368185149152,1.542368185149152,0.898148429760215,0.34133225347806484,1.6146497556497643,1.6146497556497643,1.2357841751465959,1912.6837631857964,1566.1930346185404,773.0909503870785,598.808881840064,3073.8794712858257,2516.262250336746,1236.909463338397,956.7342634561242,1.6129058874643967,1.6129058874643967,1.2241133414752245,3070.584957241481,2513.5667388459187,1235.5935296036391,955.7187669396146,2937.325200063001,2404.5360284271624,1182.3653425033713,914.6429611047706
130,859431254,2023-12-14,HEL,NRT,AY73,7831.487310198503,11999.210617680816,48.0415325,42.90035256793508,1.5321751976862583,1.5321751976862583,0.8929846808682691,0.31946980620644994,1.5907249606543368,1.5907249606543368,1.121606804768314,1912.6837631857964,1566.1930346185404,773.0909503870785,598.808881840064,3028.6807723349166,2479.281496649639,1218.855664836983,942.8022781260854,1.59454865378437,1.59454865378437,1.1420509804210202,3035.9044895997067,2485.1918107753763,1221.7410473580894,945.0289068852608,2918.0686182685167,2388.7806433225846,1174.6736510252333,908.7073385914139
137,859929511,2023-12-16,HEL,NRT,AY73,7831.487310198503,12038.45574636066,48.0415325,42.752457190643405,1.5371863950649145,1.5371863950649145,0.8899061908702309,0.33021808180841145,1.5838359474714554,1.5838359474714554,1.0989798508416773,1912.6837631857964,1566.1930346185404,773.0909503870785,598.808881840064,3015.666055469781,2468.6330919418006,1213.6571728164201,938.7906395469173,1.5740225162221748,1.5740225162221748,1.0598476871088107,2997.1265308972006,2453.4643900187803,1206.2518968081679,933.076041773835,2927.5357673807557,2396.5264925962347,1178.4551316081333,911.6254797240217
143,860354334,2023-12-18,HEL,NRT,AY73,7831.487310198503,12714.302903374246,48.0415325,62.35349782097284,1.6234850929040168,1.6234850929040168,1.2979081760344102,0.5153159972119856,1.5835839361604098,1.5835839361604098,1.0987642930711707,1912.6837631857964,1566.1930346185404,773.0909503870785,598.808881840064,3015.1899559511708,2468.243555972029,1213.4670035200663,938.6438872805275,1.555341380612927,1.555341380612927,0.9770894044481974,2961.8341480523372,2424.5888040548016,1192.1549961604753,922.1975658117109,3090.571181654129,2529.9191042744487,1243.5766635593727,961.8792934986268
148,860586954,2023-12-19,HEL,NRT,AY73,7831.487310198503,12686.741363089275,48.0415325,61.76793826722295,1.6199657690267912,1.6199657690267912,1.285719564987294,0.5077675691404636,1.5923113404702929,1.5923113404702929,1.13936525284127,1912.6837631857964,1566.1930346185404,773.0909503870785,598.808881840064,3031.6777595081358,2481.733577064091,1220.0527568726495,943.7260653655579,1.555800740138512,1.555800740138512,0.9747550288621971,2962.7019696119837,2425.29883987633,1192.5016317039024,922.4650619458633,3083.922478479541,2524.4792562225134,1240.920959961796,959.8299062985052
155,861106723,2023-12-21,HEL,NRT,AY73,7831.487310198503,12086.7711802429,48.0415325,42.92490947989749,1.5433557766866304,1.5433557766866304,0.893495840914265,0.34345049094206737,1.5844188957367018,1.5844188957367018,1.1123450785611828,1912.6837631857964,1566.1930346185404,773.0909503870785,598.808881840064,3016.7673607536867,2469.53415990136,1214.097069188344,939.1301043858484,1.5710361279662266,1.5710361279662266,1.0529334085040838,2991.4846491691887,2448.8483049685888,1203.9983497315814,931.3369958434677,2939.190957015045,2406.0625568424716,1183.1105851950115,915.2180594834547
161,861544792,2023-12-23,HEL,NRT,AY73,7831.487310198503,12075.306303955913,48.0415325,42.83264594890999,1.541891830461236,1.541891830461236,0.8915753457471404,0.34031054327925786,1.5824756172456063,1.5824756172456063,1.096710476382804,1912.6837631857964,1566.1930346185404,773.0909503870785,598.808881840064,3013.0961209577517,2466.5304182501404,1212.6306592016722,937.9984864373855,1.5712336462737224,1.5712336462737224,1.052002890734894,2991.8578005595978,2449.153610651651,1204.1473982699094,931.4520155192046,2936.425271259553,2403.7997230425235,1182.0058823051759,914.3655682775715
169,862036562,2023-12-26,HEL,NRT,AY73,7831.487310198503,12015.337259558302,48.0415325,42.97883511779448,1.5342344032035151,1.5342344032035151,0.8946183204666603,0.3238864968191217,1.5838800969061122,1.5838800969061122,1.096831052958452,1912.6837631857964,1566.1930346185404,773.0909503870785,598.808881840064,3015.7494625378995,2468.701334088443,1213.690488253288,938.8163488278573,1.5731769728287177,1.5731769728287177,1.051721023710668,2995.529131157805,2452.1574265956383,1205.6138445258978,932.583661456436,2921.958867287174,2391.9635743378494,1176.2275402639357,909.9064636440398
174,862484946,2023-12-28,HEL,NRT,AY73,7831.487310198503,12662.505278486236,48.0415325,61.95266975040257,1.6168710714753467,1.6168710714753467,1.2895648104148751,0.5011299015983082,1.5775529132592405,1.5775529132592405,1.0719904390597441,1912.6837631857964,1566.1930346185404,773.0909503870785,598.808881840064,3003.7961534743645,2458.9213539455504,1208.9159562807508,935.13187714208,1.5598619448445432,1.5598619448445432,0.9913522680288399,2970.3743935103284,2431.5762776113397,1195.5662419314797,924.8299994258929,3078.0759789380154,2519.695756597629,1238.5856820199253,958.0277892523249
180,862936190,2023-12-30,HEL,NRT,AY73,7831.487310198503,12009.163057179803,48.0415325,42.93413810591948,1.533446021363139,1.533446021363139,0.893687937742608,0.32219553462792166,1.5858544039710376,1.5858544039710376,1.108663139998088,1912.6837631857964,1566.1930346185404,773.0909503870785,598.808881840064,3019.4793214847064,2471.7530368631033,1215.1803125939728,939.9660354634497,1.5590882704566822,1.5590882704566822,0.9923135793857352,2968.912768624947,2430.3804027051187,1194.9824224460122,924.3794701643478,2920.4694570971037,2390.7449660005195,1175.6326224436975,909.4473698780665
